C:\Users\fabio\Downloads\dataset_category\dataset_category\Apparel Set\0.jpg,0.014138298,0.00585033,0.0,0.0,0.0,0.0,0.0,0.0,0.0,0.0024376377,0.00097505504,0.0,0.0,0.0,0.0,0.0,0.0,0.0,0.0,0.0,0.0,0.0,0.0,0.0,0.0,0.0,0.0,0.0,0.0,0.0,0.0,0.0,0.0,0.0,0.0,0.0,0.0,0.0,0.0,0.0,0.0,0.0,0.0,0.0,0.0,0.0,0.0,0.0,0.0,0.0,0.0,0.0,0.0,0.0,0.0,0.0,0.0,0.0,0.0,0.0,0.0,0.0,0.0,0.0,0.0078004403,0.002925165,0.030714234,0.0053628027,0.0,0.0,0.0,0.0,0.01365077,0.0019501101,0.0024376377,0.00048752752,0.0,0.0,0.0,0.0,0.0,0.0,0.0014625825,0.00097505504,0.00048752752,0.0,0.0,0.0,0.0,0.0,0.0,0.0,0.00097505504,0.0,0.0,0.0,0.0,0.0,0.0,0.0,0.0,0.0,0.0,0.0,0.0,0.0,0.0,0.0,0.0,0.0,0.0,0.0,0.0,0.0,0.0,0.0,0.0,0.0,0.0,0.0,0.0,0.0,0.0,0.0,0.0,0.0,0.0,0.0,0.0,0.0,0.01170066,0.06484116,0.00048752752,0.0,0.0,0.0,0.015600881,0.0019501101,0.002925165,0.007312913,0.00097505504,0.0,0.0,0.0,0.012188188,0.0034126926,0.00097505504,0.0034126926,0.0014625825,0.0,0.0,0.0,0.0,0.0,0.00048752752,0.0,0.0048752753,0.0019501101,0.00048752752,0.0,0.0,0.0,0.0,0.0,0.00048752752,0.00048752752,0.00048752752,0.0,0.0,0.0,0.0,0.0,0.0,0.0,0.0,0.0,0.0,0.0,0.0,0.0,0.0,0.0,0.0,0.0,0.0,0.0,0.0,0.0,0.0,0.0,0.0,0.0,0.0,0.0,0.0,0.02340132,0.0019501101,0.0,0.0,0.0,0.00048752752,0.00048752752,0.0,0.032176815,0.01365077,0.0,0.0,0.0,0.0102380775,0.0043877475,0.00097505504,0.0019501101,0.00585033,0.0,0.0,0.0,0.006825385,0.0043877475,0.0014625825,0.0034126926,0.002925165,0.0034126926,0.0,0.0,0.0,0.0,0.0,0.0,0.0019501101,0.0043877475,0.0078004403,0.00048752752,0.0,0.0,0.0,0.0,0.0,0.0,0.0034126926,0.00097505504,0.0,0.0,0.0,0.0,0.0,0.0,0.0,0.0,0.0,0.0,0.0,0.0,0.0,0.0,0.0,0.0,0.0,0.0,0.0,0.0,0.0,0.0,0.0,0.0,0.0,0.0,0.0,0.0,0.0,0.0,0.0,0.0,0.0,0.0,0.0,0.00048752752,0.00097505504,0.0,0.0,0.0,0.013163243,0.0048752753,0.0024376377,0.0,0.0014625825,0.0043877475,0.0,0.0,0.0019501101,0.0019501101,0.00097505504,0.0053628027,0.0019501101,0.002925165,0.002925165,0.0,0.0,0.0,0.0,0.0,0.0,0.0,0.006825385,0.0039002202,0.0,0.0,0.0,0.0,0.0,0.0,0.00097505504,0.0043877475,0.0,0.0,0.0,0.0,0.0,0.0,0.0,0.0,0.0,0.0,0.0,0.0,0.0,0.0,0.0,0.0,0.0,0.0,0.0,0.0,0.0,0.0,0.0,0.0,0.0,0.0,0.0,0.0,0.0,0.0,0.0,0.0,0.0,0.0,0.0,0.0,0.0,0.0,0.0,0.0,0.002925165,0.00097505504,0.00097505504,0.0024376377,0.0,0.00097505504,0.00048752752,0.0,0.0,0.0,0.0,0.0,0.0053628027,0.0034126926,0.008287968,0.00097505504,0.0,0.0,0.0,0.0,0.0,0.00048752752,0.0053628027,0.02145121,0.0,0.0,0.0,0.0,0.0,0.0,0.0,0.0043877475,0.0,0.0,0.0,0.0,0.0,0.0,0.0,0.0,0.0,0.0,0.0,0.0,0.0,0.0,0.0,0.0,0.0,0.0,0.0,0.0,0.0,0.0,0.0,0.0,0.0,0.0,0.0,0.0,0.0,0.0,0.0,0.0,0.0,0.0,0.0,0.0,0.0,0.0,0.0,0.0,0.0,0.0,0.0,0.00048752752,0.00097505504,0.00097505504,0.0019501101,0.00097505504,0.0,0.0,0.0,0.0,0.00048752752,0.002925165,0.009750551,0.015600881,0.0,0.0,0.0,0.0,0.0,0.0,0.0,0.00585033,0.0,0.0,0.0,0.0,0.0,0.0,0.0,0.0,0.0,0.0,0.0,0.0,0.0,0.0,0.0,0.0,0.0,0.0,0.0,0.0,0.0,0.0,0.0,0.0,0.0,0.0,0.0,0.0,0.0,0.0,0.0,0.0,0.0,0.0,0.0,0.0,0.0,0.0,0.0,0.0,0.0,0.0,0.0,0.0,0.0,0.0,0.0,0.0,0.0,0.0,0.0,0.0,0.0,0.0,0.0014625825,0.00048752752,0.0,0.0,0.0,0.0,0.0,0.0,0.0048752753,0.9950437
C:\Users\fabio\Downloads\dataset_category\dataset_category\Apparel Set\1.jpg,0.0009767876,0.0004883938,0.0,0.0,0.0,0.0,0.0,0.0,0.0,0.0,0.0,0.0,0.0,0.0,0.0,0.0,0.0,0.0,0.0,0.0,0.0,0.0,0.0,0.0,0.0,0.0,0.0,0.0,0.0,0.0,0.0,0.0,0.0,0.0,0.0,0.0,0.0,0.0,0.0,0.0,0.0,0.0,0.0,0.0,0.0,0.0,0.0,0.0,0.0,0.0,0.0,0.0,0.0,0.0,0.0,0.0,0.0,0.0,0.0,0.0,0.0,0.0,0.0,0.0,0.0,0.01269824,0.0009767876,0.0,0.0,0.0,0.0,0.0,0.0009767876,0.01269824,0.0068375133,0.0,0.0,0.0,0.0,0.0,0.0,0.0004883938,0.00634912,0.0004883938,0.0,0.0,0.0,0.0,0.0,0.0,0.0,0.0,0.0,0.0,0.0,0.0,0.0,0.0,0.0,0.0,0.0,0.0,0.0,0.0,0.0,0.0,0.0,0.0,0.0,0.0,0.0,0.0,0.0,0.0,0.0,0.0,0.0,0.0,0.0,0.0,0.0,0.0,0.0,0.0,0.0,0.0,0.0,0.0,0.0,0.0004883938,0.0009767876,0.0,0.0,0.0,0.0,0.0,0.0,0.0004883938,0.02686166,0.0034187566,0.0,0.0,0.0,0.0,0.0,0.0019535753,0.005372332,0.0019535753,0.0009767876,0.0,0.0,0.0,0.0,0.0,0.0,0.0024419692,0.0,0.0004883938,0.0,0.0,0.0,0.0,0.0,0.0,0.0,0.0,0.0004883938,0.0,0.0,0.0,0.0,0.0,0.0,0.0,0.0,0.0,0.0,0.0,0.0,0.0,0.0,0.0,0.0,0.0,0.0,0.0,0.0,0.0,0.0,0.0,0.0,0.0,0.0,0.0,0.0,0.0,0.0,0.0,0.0,0.0,0.0,0.0,0.011233058,0.023931297,0.0009767876,0.0,0.0,0.0,0.0,0.0048839385,0.0043955445,0.014163421,0.0024419692,0.0,0.0,0.0,0.0024419692,0.002930363,0.0004883938,0.0048839385,0.0048839385,0.0019535753,0.0,0.0,0.0004883938,0.0,0.0004883938,0.0004883938,0.0009767876,0.0034187566,0.002930363,0.0,0.0,0.0,0.0,0.0,0.0,0.0,0.0004883938,0.0,0.0,0.0,0.0,0.0,0.0,0.0,0.0,0.0,0.0,0.0,0.0,0.0,0.0,0.0,0.0,0.0,0.0,0.0,0.0,0.0,0.0,0.0,0.0,0.0,0.0,0.0,0.0,0.0,0.0,0.0,0.0,0.0,0.0,0.0,0.0,0.0,0.0,0.0,0.0,0.0,0.0009767876,0.0014651815,0.0043955445,0.0004883938,0.0009767876,0.0,0.0,0.0,0.028326841,0.0073259072,0.0039071506,0.0034187566,0.008791089,0.0034187566,0.002930363,0.0,0.0004883938,0.0019535753,0.0004883938,0.0014651815,0.0014651815,0.0009767876,0.012209846,0.0024419692,0.0,0.0,0.0,0.0,0.0,0.0,0.0,0.0034187566,0.0,0.0,0.0,0.0,0.0,0.0,0.0,0.0,0.0,0.0,0.0,0.0,0.0,0.0,0.0,0.0,0.0,0.0,0.0,0.0,0.0,0.0,0.0,0.0,0.0,0.0,0.0,0.0,0.0,0.0,0.0,0.0,0.0,0.0,0.0,0.0,0.0,0.0,0.0,0.0,0.0039071506,0.0048839385,0.0024419692,0.0,0.0,0.00634912,0.0,0.0,0.01025627,0.08107337,0.0034187566,0.0034187566,0.0039071506,0.005860726,0.0043955445,0.0014651815,0.0,0.0014651815,0.0,0.0004883938,0.0014651815,0.0004883938,0.0024419692,0.017582178,0.0,0.0,0.0,0.0,0.0,0.0,0.0,0.0014651815,0.0,0.0,0.0,0.0,0.0,0.0,0.0,0.0,0.0,0.0,0.0,0.0,0.0,0.0,0.0,0.0,0.0,0.0,0.0,0.0,0.0,0.0,0.0,0.0,0.0,0.0,0.0,0.0,0.0,0.0,0.0,0.0,0.0,0.0,0.0,0.0,0.0,0.0,0.0,0.0,0.0004883938,0.028326841,0.0009767876,0.0,0.0,0.0009767876,0.0034187566,0.0,0.0,0.0073259072,0.002930363,0.0014651815,0.0009767876,0.005860726,0.0146518145,0.005860726,0.0,0.0,0.0,0.0,0.0,0.0009767876,0.0073259072,0.017582178,0.0,0.0,0.0,0.0,0.0,0.0,0.0,0.0,0.0,0.0,0.0,0.0,0.0,0.0,0.0,0.0,0.0,0.0,0.0,0.0,0.0,0.0,0.0,0.0,0.0,0.0,0.0,0.0,0.0,0.0,0.0,0.0,0.0,0.0,0.0,0.0,0.0,0.0,0.0,0.0,0.0,0.0,0.0,0.0,0.0,0.0,0.0,0.0,0.0,0.0,0.0,0.0,0.0,0.0009767876,0.0004883938,0.0014651815,0.0,0.0,0.0,0.0,0.0,0.0004883938,0.008791089,0.9938814
C:\Users\fabio\Downloads\dataset_category\dataset_category\Apparel Set\10.jpg,0.077820234,0.013399511,0.0066997553,0.0,0.0,0.0,0.0,0.0,0.005669024,0.011338048,0.008245853,0.003092195,0.0005153658,0.0005153658,0.0,0.0,0.0,0.0,0.0,0.0,0.0,0.0,0.0,0.0,0.0,0.0,0.0,0.0,0.0,0.0,0.0,0.0,0.0,0.0,0.0,0.0,0.0,0.0,0.0,0.0,0.0,0.0,0.0,0.0,0.0,0.0,0.0,0.0,0.0,0.0,0.0,0.0,0.0,0.0,0.0,0.0,0.0,0.0,0.0,0.0,0.0,0.0,0.0,0.0,0.0005153658,0.0005153658,0.0,0.0,0.0,0.0,0.0,0.0,0.0005153658,0.030921947,0.031437315,0.011853414,0.0010307316,0.0005153658,0.0010307316,0.0,0.0,0.002576829,0.013914877,0.024222193,0.011853414,0.0072151213,0.00979195,0.0015460975,0.0,0.0,0.0,0.0,0.0015460975,0.0010307316,0.0005153658,0.0010307316,0.0,0.0,0.0,0.0,0.0,0.0,0.0,0.0,0.0,0.0,0.0,0.0,0.0,0.0,0.0,0.0,0.0,0.0,0.0,0.0,0.0,0.0,0.0,0.0,0.0,0.0,0.0,0.0,0.0,0.0,0.0,0.0,0.0,0.0,0.0,0.0,0.0,0.0,0.0,0.0,0.0,0.0005153658,0.0015460975,0.0,0.0,0.0,0.0,0.0,0.0,0.0005153658,0.017522437,0.048444387,0.018037803,0.0046382924,0.0020614632,0.0015460975,0.0,0.0,0.0015460975,0.010822682,0.032468047,0.013914877,0.0072151213,0.019068535,0.0,0.0,0.0,0.0,0.0,0.0015460975,0.0041229264,0.0015460975,0.0,0.0,0.0,0.0,0.0,0.0,0.0,0.0,0.0,0.0,0.0,0.0,0.0,0.0,0.0,0.0,0.0,0.0,0.0,0.0,0.0,0.0,0.0,0.0,0.0,0.0,0.0,0.0,0.0,0.0,0.0,0.0,0.0,0.0,0.0,0.0,0.0,0.0,0.0,0.0,0.0,0.0,0.0,0.0005153658,0.0,0.0,0.0,0.0,0.0,0.0,0.0005153658,0.007730487,0.011338048,0.010307316,0.0005153658,0.0,0.0,0.0,0.0,0.0,0.00618439,0.013914877,0.01236878,0.0020614632,0.0,0.0,0.0,0.0,0.0,0.0005153658,0.0020614632,0.002576829,0.0,0.0,0.0,0.0,0.0,0.0,0.0,0.0,0.0,0.0,0.0,0.0,0.0,0.0,0.0,0.0,0.0,0.0,0.0,0.0,0.0,0.0,0.0,0.0,0.0,0.0,0.0,0.0,0.0,0.0,0.0,0.0,0.0,0.0,0.0,0.0,0.0,0.0,0.0,0.0,0.0,0.0,0.0,0.0,0.0,0.0,0.0,0.0,0.0,0.0,0.0,0.0015460975,0.008761219,0.005153658,0.0015460975,0.0005153658,0.0,0.0,0.0,0.0,0.0,0.0020614632,0.005153658,0.009276585,0.0,0.0,0.0,0.0,0.0,0.0,0.0,0.005153658,0.0,0.0,0.0,0.0,0.0,0.0,0.0,0.0,0.0,0.0,0.0,0.0,0.0,0.0,0.0,0.0,0.0,0.0,0.0,0.0,0.0,0.0,0.0,0.0,0.0,0.0,0.0,0.0,0.0,0.0,0.0,0.0,0.0,0.0,0.0,0.0,0.0,0.0,0.0,0.0,0.0,0.0,0.0,0.0,0.0,0.0,0.0,0.0,0.0,0.0,0.0,0.0,0.0,0.005153658,0.002576829,0.0010307316,0.0,0.0,0.0,0.0,0.0,0.0005153658,0.003092195,0.010822682,0.0,0.0,0.0,0.0,0.0,0.0,0.0,0.0015460975,0.0,0.0,0.0,0.0,0.0,0.0,0.0,0.0,0.0,0.0,0.0,0.0,0.0,0.0,0.0,0.0,0.0,0.0,0.0,0.0,0.0,0.0,0.0,0.0,0.0,0.0,0.0,0.0,0.0,0.0,0.0,0.0,0.0,0.0,0.0,0.0,0.0,0.0,0.0,0.0,0.0,0.0,0.0,0.0,0.0,0.0,0.0,0.0,0.0,0.0,0.0,0.0,0.0,0.0,0.009276585,0.0041229264,0.0,0.0,0.0,0.0,0.0,0.0,0.0,0.007730487,0.0,0.0,0.0,0.0,0.0,0.0,0.0,0.0,0.0,0.0,0.0,0.0,0.0,0.0,0.0,0.0,0.0,0.0,0.0,0.0,0.0,0.0,0.0,0.0,0.0,0.0,0.0,0.0,0.0,0.0,0.0,0.0,0.0,0.0,0.0,0.0,0.0,0.0,0.0,0.0,0.0,0.0,0.0,0.0,0.0,0.0,0.0,0.0,0.0,0.0,0.0,0.0,0.0,0.0,0.0,0.0,0.0,0.0,0.0,0.0,0.0,0.0,0.0,0.99207914
C:\Users\fabio\Downloads\dataset_category\dataset_category\Apparel Set\11.jpg,0.0,0.0,0.0005007555,0.0,0.0,0.0,0.0,0.0,0.0,0.0025037774,0.0,0.0,0.0,0.0,0.0,0.0,0.0,0.0,0.0,0.0,0.0,0.0,0.0,0.0,0.0,0.0,0.0,0.0,0.0,0.0,0.0,0.0,0.0,0.0,0.0,0.0,0.0,0.0,0.0,0.0,0.0,0.0,0.0,0.0,0.0,0.0,0.0,0.0005007555,0.0,0.0,0.0,0.0,0.0,0.0,0.0,0.0,0.0,0.0,0.0,0.0,0.0,0.0,0.0,0.0,0.0,0.0,0.0,0.0,0.0,0.0,0.0,0.0,0.0,0.002003022,0.01001511,0.0,0.0,0.0,0.0,0.0,0.0,0.0005007555,0.001001511,0.004006044,0.0,0.0,0.0,0.0,0.0,0.0,0.0,0.0,0.0015022665,0.0,0.0,0.0,0.0,0.0,0.0,0.0,0.0,0.0,0.0,0.0,0.0,0.0,0.0,0.0,0.0,0.0,0.0,0.0015022665,0.0,0.0,0.0,0.0,0.0,0.0,0.0,0.0,0.0,0.0,0.0,0.0,0.0,0.0,0.0,0.0,0.0,0.0,0.0,0.0,0.0,0.0,0.0,0.0,0.0005007555,0.0,0.0,0.0,0.0,0.0,0.0,0.0,0.001001511,0.0005007555,0.0065098214,0.011517377,0.0005007555,0.0,0.0,0.0,0.0,0.0,0.001001511,0.009013599,0.0025037774,0.0,0.0,0.0,0.0,0.0,0.0,0.0,0.0005007555,0.0005007555,0.0,0.0,0.0,0.0,0.0,0.0,0.0,0.0,0.0,0.0005007555,0.0,0.0,0.0,0.0,0.0,0.0,0.0,0.0015022665,0.0,0.0,0.0,0.0,0.0,0.0,0.0,0.0,0.0,0.0,0.0,0.0,0.0,0.0,0.0,0.0,0.0,0.0,0.0,0.0,0.0,0.0,0.0,0.0,0.01452191,0.0005007555,0.001001511,0.0,0.0,0.0,0.0,0.0,0.0075113326,0.0005007555,0.005007555,0.033049863,0.009013599,0.001001511,0.0,0.0,0.0,0.0,0.0005007555,0.003004533,0.011016621,0.004006044,0.001001511,0.0005007555,0.0,0.0,0.0,0.0,0.0,0.0,0.0,0.0005007555,0.0,0.0,0.0,0.0,0.0,0.0,0.0,0.001001511,0.0,0.0,0.0,0.0,0.0,0.0,0.0,0.0,0.0,0.0,0.0,0.0,0.0,0.0,0.0,0.0,0.0,0.0,0.0,0.0,0.0,0.0,0.0,0.0,0.0,0.0,0.0,0.0,0.0,0.0,0.0,0.0,0.076615594,0.040561195,0.0035052886,0.004006044,0.0005007555,0.0,0.0,0.0,0.011016621,0.019028708,0.004006044,0.005007555,0.042564217,0.011517377,0.001001511,0.0,0.0,0.0,0.0,0.0,0.001001511,0.01001511,0.005007555,0.0025037774,0.0,0.0,0.0,0.0,0.0,0.0,0.0,0.0015022665,0.0,0.0,0.0,0.0,0.0,0.0,0.0,0.0,0.0,0.0,0.0,0.0,0.0,0.0,0.0,0.0,0.0,0.0,0.0,0.0,0.0,0.0,0.0,0.0,0.0,0.0,0.0,0.0,0.0,0.0,0.0,0.0,0.0015022665,0.003004533,0.0,0.0,0.0,0.0,0.0,0.0,0.0035052886,0.03455213,0.005007555,0.003004533,0.002003022,0.001001511,0.0,0.0,0.0,0.0005007555,0.004006044,0.005007555,0.008012088,0.02453702,0.009514354,0.009013599,0.0,0.0,0.0,0.0,0.0,0.001001511,0.003004533,0.01452191,0.0,0.0,0.0,0.0,0.0,0.0,0.0,0.0005007555,0.0,0.0,0.0,0.0,0.0,0.0,0.0,0.0,0.0,0.0,0.0,0.0,0.0,0.0,0.0,0.0,0.0,0.0,0.0,0.0,0.0,0.0,0.0,0.0,0.0,0.0,0.0,0.0,0.0,0.0,0.0,0.0,0.0,0.0,0.0005007555,0.0,0.0,0.0,0.0,0.0,0.0,0.0005007555,0.001001511,0.003004533,0.0005007555,0.0035052886,0.001001511,0.0,0.0,0.0,0.0,0.0,0.0015022665,0.003004533,0.017025687,0.008012088,0.0,0.0,0.0,0.0,0.0,0.0,0.0,0.003004533,0.0,0.0,0.0,0.0,0.0,0.0,0.0,0.0,0.0,0.0,0.0,0.0,0.0,0.0,0.0,0.0,0.0,0.0,0.0,0.0,0.0,0.0,0.0,0.0,0.0,0.0,0.0,0.0,0.0,0.0,0.0,0.0,0.0,0.0,0.0,0.0,0.0,0.0,0.0,0.0,0.0,0.0,0.0,0.0,0.0,0.0,0.0,0.0,0.0,0.0,0.0,0.0,0.0,0.003004533,0.0005007555,0.0005007555,0.0,0.0,0.0,0.0,0.0,0.0005007555,0.004006044,0.9924974
C:\Users\fabio\Downloads\dataset_category\dataset_category\Apparel Set\12.jpg,0.034489468,0.00147812,0.0,0.0,0.0,0.0,0.0,0.0,0.00049270666,0.0019708266,0.0,0.0,0.0,0.0,0.0,0.0,0.0,0.0,0.0,0.0,0.0,0.0,0.0,0.0,0.0,0.0,0.0,0.0,0.0,0.0,0.0,0.0,0.0,0.0,0.0,0.0,0.0,0.0,0.0,0.0,0.0,0.0,0.0,0.0,0.0,0.0,0.0,0.0,0.0,0.0,0.0,0.0,0.0,0.0,0.0,0.0,0.0,0.0,0.0,0.0,0.0,0.0,0.0,0.0,0.0034489466,0.00049270666,0.0,0.0,0.0,0.0,0.0,0.0,0.0221718,0.04286548,0.00049270666,0.0,0.0,0.0,0.0,0.0,0.0,0.00049270666,0.00443436,0.0019708266,0.0,0.0,0.0,0.0,0.0,0.0,0.0,0.0,0.0,0.0,0.0,0.0,0.0,0.0,0.0,0.0,0.0,0.0,0.0,0.0,0.0,0.0,0.0,0.0,0.0,0.0,0.0,0.0,0.0,0.0,0.0,0.0,0.0,0.0,0.0,0.0,0.0,0.0,0.0,0.0,0.0,0.0,0.0,0.0,0.0,0.0,0.0,0.0,0.0,0.0,0.0,0.0,0.0,0.0009854133,0.0,0.0,0.0,0.0,0.0,0.0,0.0,0.005419773,0.025620747,0.0019708266,0.0,0.0,0.0,0.0,0.0,0.0,0.0024635333,0.0049270666,0.0034489466,0.00049270666,0.0,0.0,0.0,0.0,0.0,0.0,0.00049270666,0.0,0.0,0.0,0.0,0.0,0.0,0.0,0.0,0.0,0.0,0.0,0.0,0.0,0.0,0.0,0.0,0.0,0.0,0.0,0.0,0.0,0.0,0.0,0.0,0.0,0.0,0.0,0.0,0.0,0.0,0.0,0.0,0.0,0.0,0.0,0.0,0.0,0.0,0.0,0.0,0.0,0.0,0.0,0.0,0.0,0.0024635333,0.0,0.0,0.0,0.0,0.0,0.0,0.0,0.010839546,0.03251864,0.00147812,0.00049270666,0.0,0.0,0.0,0.0,0.0,0.00049270666,0.006405187,0.005419773,0.00295624,0.00049270666,0.0,0.0,0.0,0.0,0.0,0.0,0.0009854133,0.0,0.0,0.0,0.0,0.0,0.0,0.0,0.0,0.0,0.0,0.0,0.0,0.0,0.0,0.0,0.0,0.0,0.0,0.0,0.0,0.0,0.0,0.0,0.0,0.0,0.0,0.0,0.0,0.0,0.0,0.0,0.0,0.0,0.0,0.0,0.0,0.0,0.0,0.0,0.0,0.0,0.0,0.0,0.0,0.0019708266,0.0,0.0,0.0,0.0,0.0,0.0,0.0,0.005419773,0.021186387,0.00147812,0.00147812,0.0,0.0,0.0,0.0,0.0,0.00147812,0.0073905997,0.01182496,0.00295624,0.0,0.0,0.0,0.0,0.0,0.0,0.00147812,0.0073905997,0.0,0.0,0.0,0.0,0.0,0.0,0.0,0.0,0.0,0.0,0.0,0.0,0.0,0.0,0.0,0.0,0.0,0.0,0.0,0.0,0.0,0.0,0.0,0.0,0.0,0.0,0.0,0.0,0.0,0.0,0.0,0.0,0.0,0.0,0.0,0.0,0.0,0.0,0.0,0.0,0.0,0.0,0.0,0.0,0.0024635333,0.0,0.0,0.0,0.0,0.0,0.0,0.0,0.00295624,0.043358184,0.005419773,0.00147812,0.0,0.0,0.0,0.0,0.0,0.00147812,0.00295624,0.032025933,0.0,0.0,0.0,0.0,0.0,0.0,0.0,0.00295624,0.0,0.0,0.0,0.0,0.0,0.0,0.0,0.0,0.0,0.0,0.0,0.0,0.0,0.0,0.0,0.0,0.0,0.0,0.0,0.0,0.0,0.0,0.0,0.0,0.0,0.0,0.0,0.0,0.0,0.0,0.0,0.0,0.0,0.0,0.0,0.0,0.0,0.0,0.0,0.0,0.0,0.0,0.0,0.0,0.0,0.0034489466,0.0,0.0,0.0,0.0,0.0,0.0,0.0,0.046807133,0.09115073,0.00591248,0.0,0.0,0.0,0.0,0.0,0.0,0.0009854133,0.01921556,0.0,0.0,0.0,0.0,0.0,0.0,0.0,0.0,0.0,0.0,0.0,0.0,0.0,0.0,0.0,0.0,0.0,0.0,0.0,0.0,0.0,0.0,0.0,0.0,0.0,0.0,0.0,0.0,0.0,0.0,0.0,0.0,0.0,0.0,0.0,0.0,0.0,0.0,0.0,0.0,0.0,0.0,0.0,0.0,0.0,0.0,0.0,0.0,0.0,0.0,0.0,0.0,0.0,0.0,0.0024635333,0.0,0.0,0.0,0.0,0.0,0.0,0.0,0.00049270666,0.98984766
C:\Users\fabio\Downloads\dataset_category\dataset_category\Apparel Set\13.jpg,0.020225903,0.014306126,0.0004933147,0.0004933147,0.0004933147,0.0,0.0,0.0,0.0014799441,0.005426462,0.0019732588,0.0009866294,0.0,0.0,0.0,0.0,0.0,0.0,0.0,0.0004933147,0.0,0.0,0.0,0.0,0.0,0.0,0.0,0.0,0.0,0.0,0.0,0.0,0.0,0.0,0.0,0.0,0.0,0.0,0.0,0.0,0.0,0.0,0.0,0.0,0.0,0.0,0.0,0.0,0.0,0.0,0.0,0.0,0.0,0.0,0.0,0.0,0.0,0.0,0.0,0.0,0.0,0.0,0.0,0.0,0.0014799441,0.0019732588,0.0014799441,0.0019732588,0.0049331468,0.008879664,0.0014799441,0.0,0.0009866294,0.11543564,0.010852924,0.0024665734,0.0009866294,0.0004933147,0.0,0.0,0.0,0.0009866294,0.0049331468,0.0029598882,0.0024665734,0.0,0.0,0.0,0.0,0.0,0.0,0.0004933147,0.0009866294,0.0009866294,0.0,0.0,0.0,0.0,0.0,0.0,0.0,0.0,0.0,0.0,0.0,0.0,0.0,0.0,0.0,0.0,0.0,0.0,0.0,0.0,0.0,0.0,0.0,0.0,0.0,0.0,0.0,0.0,0.0,0.0,0.0,0.0,0.0,0.0,0.0,0.0,0.0,0.0,0.0,0.0019732588,0.011346238,0.0009866294,0.0,0.012826182,0.01578607,0.0004933147,0.0029598882,0.0024665734,0.010852924,0.0004933147,0.0,0.0024665734,0.029105566,0.0073997206,0.003453203,0.0019732588,0.0,0.0,0.0,0.0,0.0009866294,0.005426462,0.00838635,0.006906406,0.0,0.0,0.0,0.0,0.0,0.0004933147,0.0,0.0,0.0,0.0,0.0,0.0,0.0,0.0,0.0,0.0,0.0,0.0,0.0,0.0,0.0,0.0,0.0,0.0,0.0,0.0,0.0,0.0,0.0,0.0,0.0,0.0,0.0,0.0,0.0,0.0,0.0,0.0,0.0,0.0,0.0,0.0,0.0,0.0,0.0004933147,0.0,0.0,0.0009866294,0.006413091,0.012332868,0.0,0.0,0.0014799441,0.0019732588,0.0029598882,0.0029598882,0.004439832,0.0014799441,0.0,0.0,0.0004933147,0.006413091,0.0073997206,0.0039465176,0.0024665734,0.0004933147,0.0,0.0,0.0,0.0,0.0029598882,0.010359609,0.0039465176,0.0,0.0,0.0,0.0,0.0,0.0,0.0,0.0019732588,0.0014799441,0.0,0.0,0.0,0.0,0.0,0.0,0.0004933147,0.0,0.0,0.0,0.0,0.0,0.0,0.0,0.0,0.0,0.0,0.0,0.0,0.0,0.0,0.0,0.0,0.0,0.0,0.0,0.0,0.0,0.0,0.0,0.0,0.0039465176,0.0,0.0,0.0,0.0,0.0004933147,0.0004933147,0.0004933147,0.008879664,0.0,0.0,0.0,0.0,0.0,0.0,0.0029598882,0.0029598882,0.0,0.0,0.0,0.0,0.0059197764,0.0049331468,0.003453203,0.0004933147,0.0,0.0,0.0,0.0,0.0,0.0024665734,0.007893035,0.003453203,0.0,0.0,0.0,0.0,0.0,0.0,0.0,0.010852924,0.0,0.0,0.0,0.0,0.0,0.0,0.0,0.0,0.0,0.0,0.0,0.0,0.0,0.0,0.0,0.0,0.0,0.0,0.0,0.0,0.0,0.0,0.0,0.0,0.0,0.0,0.0,0.0,0.0,0.0,0.0004933147,0.0009866294,0.0,0.0,0.0,0.0,0.0,0.0,0.0,0.0004933147,0.0,0.0,0.0,0.0,0.0,0.0004933147,0.0004933147,0.0019732588,0.0,0.0,0.0,0.0,0.0004933147,0.006906406,0.0029598882,0.0019732588,0.0,0.0,0.0,0.0,0.0,0.0004933147,0.0049331468,0.02515905,0.0,0.0,0.0,0.0,0.0,0.0,0.0,0.004439832,0.0,0.0,0.0,0.0,0.0,0.0,0.0,0.0,0.0,0.0,0.0,0.0,0.0,0.0,0.0,0.0,0.0,0.0,0.0,0.0,0.0,0.0,0.0,0.0,0.0,0.0,0.0,0.0,0.0,0.0,0.0,0.0,0.0,0.0,0.0,0.0,0.0,0.0,0.0,0.0,0.0,0.0,0.0,0.0,0.0,0.0,0.0009866294,0.0014799441,0.0,0.0,0.0,0.0,0.0,0.0,0.006906406,0.007893035,0.0,0.0,0.0,0.0,0.0,0.0,0.0004933147,0.005426462,0.0,0.0,0.0,0.0,0.0,0.0,0.0,0.0,0.0,0.0,0.0,0.0,0.0,0.0,0.0,0.0,0.0,0.0,0.0,0.0,0.0,0.0,0.0,0.0,0.0,0.0,0.0,0.0,0.0,0.0,0.0,0.0,0.0,0.0,0.0,0.0,0.0,0.0,0.0,0.0,0.0,0.0,0.0,0.0,0.0,0.0,0.0,0.0,0.0,0.0,0.0,0.0,0.0,0.0,0.0004933147,0.0009866294,0.0,0.0,0.0,0.0,0.0,0.0,0.0004933147,0.99106926
C:\Users\fabio\Downloads\dataset_category\dataset_category\Apparel Set\14.jpg,0.0062729297,0.010305527,0.0,0.0,0.0,0.0,0.0,0.0,0.0053767967,0.0031364649,0.0,0.0,0.0,0.0,0.0,0.0,0.0004480664,0.0,0.0,0.0,0.0,0.0,0.0,0.0,0.0,0.0,0.0,0.0,0.0,0.0,0.0,0.0,0.0,0.0,0.0,0.0,0.0,0.0,0.0,0.0,0.0,0.0,0.0,0.0,0.0,0.0,0.0,0.0,0.0,0.0,0.0,0.0,0.0,0.0,0.0,0.0,0.0,0.0,0.0,0.0,0.0,0.0,0.0,0.0,0.0,0.0004480664,0.0,0.0,0.0,0.0,0.0,0.0,0.0013441992,0.0017922656,0.0049287304,0.0,0.0,0.0,0.0,0.0,0.018818788,0.0035845311,0.0017922656,0.0026883984,0.0,0.0,0.0,0.0,0.010753593,0.009409394,0.0,0.0,0.0,0.0,0.0,0.0,0.0,0.0,0.0,0.0,0.0,0.0,0.0,0.0,0.0,0.0,0.0,0.0,0.0,0.0,0.0,0.0,0.0,0.0,0.0,0.0,0.0,0.0,0.0,0.0,0.0,0.0,0.0,0.0,0.0,0.0,0.0,0.0,0.0,0.0,0.0,0.0,0.0,0.0,0.0,0.0,0.0,0.0,0.0004480664,0.0,0.0,0.0,0.0,0.0,0.0,0.0,0.0013441992,0.0044806637,0.0013441992,0.0,0.0,0.0,0.0026883984,0.03718951,0.0022403318,0.0004480664,0.0035845311,0.0,0.0,0.0,0.0004480664,0.018818788,0.0017922656,0.0,0.0,0.0,0.0,0.0,0.0,0.0,0.0,0.0,0.0,0.0,0.0,0.0,0.0,0.0,0.0,0.0,0.0,0.0,0.0,0.0,0.0,0.0,0.0,0.0,0.0,0.0,0.0,0.0,0.0,0.0,0.0,0.0,0.0,0.0,0.0,0.0,0.0,0.0,0.0,0.0,0.0,0.0,0.0,0.0,0.0,0.0,0.0,0.0,0.0,0.0,0.0,0.0,0.0,0.0,0.0,0.0026883984,0.0026883984,0.0026883984,0.0,0.0,0.0,0.0013441992,0.010753593,0.0026883984,0.0013441992,0.0040325974,0.0008961328,0.0,0.0,0.005824863,0.009857461,0.0,0.0,0.0,0.0,0.0,0.0,0.0,0.0,0.0,0.0,0.0,0.0,0.0,0.0,0.0,0.0,0.0,0.0,0.0,0.0,0.0,0.0,0.0,0.0,0.0,0.0,0.0,0.0,0.0,0.0,0.0,0.0,0.0,0.0,0.0,0.0,0.0,0.0,0.0,0.0,0.0,0.0,0.0,0.0,0.0,0.0,0.0,0.0,0.0,0.0,0.0,0.0,0.0,0.0,0.0,0.0,0.0008961328,0.0040325974,0.0049287304,0.0013441992,0.0,0.0,0.0,0.0022403318,0.005824863,0.0017922656,0.0013441992,0.005824863,0.0008961328,0.0,0.0,0.005824863,0.0031364649,0.0008961328,0.0,0.0,0.0,0.0,0.0,0.0,0.0004480664,0.0,0.0,0.0,0.0,0.0,0.0,0.0,0.0,0.0,0.0,0.0,0.0,0.0,0.0,0.0,0.0,0.0,0.0,0.0,0.0,0.0,0.0,0.0,0.0,0.0,0.0,0.0,0.0,0.0,0.0,0.0,0.0,0.0,0.0,0.0,0.0,0.0,0.0,0.0,0.0,0.0,0.0,0.0,0.0,0.0,0.0,0.0,0.0,0.0008961328,0.02105912,0.0076171285,0.0022403318,0.0,0.0,0.0,0.0017922656,0.005824863,0.0044806637,0.0040325974,0.010305527,0.0,0.0,0.0,0.0026883984,0.0031364649,0.0,0.0,0.0,0.0,0.0,0.0,0.0,0.0,0.0,0.0,0.0,0.0,0.0,0.0,0.0,0.0,0.0,0.0,0.0,0.0,0.0,0.0,0.0,0.0,0.0,0.0,0.0,0.0,0.0,0.0,0.0,0.0,0.0,0.0,0.0,0.0,0.0,0.0,0.0,0.0,0.0,0.0,0.0,0.0,0.0,0.0,0.0,0.0,0.0017922656,0.0,0.0,0.0,0.0,0.0,0.0,0.0,0.013890058,0.052871834,0.0049287304,0.0,0.0,0.0,0.0,0.0004480664,0.0026883984,0.008065195,0.0031364649,0.0,0.0,0.0,0.0,0.0,0.0,0.0,0.0,0.0,0.0,0.0,0.0,0.0,0.0,0.0,0.0,0.0,0.0,0.0,0.0,0.0,0.0,0.0,0.0,0.0,0.0,0.0,0.0,0.0,0.0,0.0,0.0,0.0,0.0,0.0,0.0,0.0,0.0,0.0,0.0,0.0,0.0,0.0,0.0,0.0,0.0,0.0,0.0,0.0,0.0,0.0,0.0,0.0,0.0,0.0022403318,0.0026883984,0.0,0.0,0.0,0.0,0.0,0.0,0.01120166,0.99649966
C:\Users\fabio\Downloads\dataset_category\dataset_category\Apparel Set\15.jpg,0.008692217,0.0024145048,0.00048290097,0.00096580194,0.0033803068,0.0019316039,0.00096580194,0.0,0.0,0.00048290097,0.00048290097,0.0,0.00048290097,0.0033803068,0.018833138,0.0043461085,0.0,0.0,0.0,0.0,0.0,0.00096580194,0.00096580194,0.0019316039,0.0,0.0,0.0,0.0,0.0,0.0,0.0,0.0,0.0,0.0,0.0,0.0,0.0,0.0,0.0,0.0,0.0,0.0,0.0,0.0,0.0,0.0,0.0,0.0033803068,0.0,0.0,0.0,0.0,0.0,0.0,0.0,0.00048290097,0.0,0.0,0.0,0.0,0.0,0.0,0.0,0.0,0.0,0.0,0.0,0.0,0.0,0.0,0.0,0.0,0.0,0.0014487029,0.0043461085,0.00048290097,0.00096580194,0.0028974058,0.01496993,0.011589623,0.0,0.0,0.00048290097,0.00048290097,0.0014487029,0.0019316039,0.0057948115,0.027042454,0.0,0.0,0.0,0.0,0.0,0.00096580194,0.0028974058,0.0053119105,0.0,0.0,0.0,0.0,0.0,0.0,0.00096580194,0.0072435145,0.0,0.0,0.0,0.0,0.0,0.0,0.0,0.060362622,0.0,0.0,0.0,0.0,0.0,0.0,0.0,0.0028974058,0.0,0.0,0.0,0.0,0.0,0.0,0.0,0.0,0.0,0.0,0.0,0.0,0.0,0.0,0.0,0.0,0.0,0.0,0.00048290097,0.0,0.0,0.00048290097,0.0,0.0,0.0,0.0,0.00048290097,0.00096580194,0.0038632078,0.0067606135,0.0072435145,0.0038632078,0.0,0.0,0.0,0.0,0.0019316039,0.0048290095,0.0048290095,0.009175118,0.0,0.0,0.0,0.0,0.0,0.0,0.0033803068,0.009175118,0.0,0.0,0.0,0.0,0.0,0.0,0.0,0.0062777125,0.0,0.0,0.0,0.0,0.0,0.0,0.0,0.00096580194,0.0,0.0,0.0,0.0,0.0,0.0,0.0,0.0,0.0,0.0,0.0,0.0,0.0,0.0,0.0,0.0,0.0,0.0,0.0,0.0,0.0,0.0,0.0,0.0,0.0,0.0,0.0,0.0,0.0,0.0033803068,0.0062777125,0.0,0.0,0.0,0.0,0.00048290097,0.0024145048,0.009175118,0.014487029,0.0048290095,0.0,0.0,0.0,0.0,0.0,0.0043461085,0.01014092,0.013038326,0.0,0.0,0.0,0.0,0.0,0.0,0.00048290097,0.0019316039,0.0,0.0,0.0,0.0,0.0,0.0,0.0,0.00096580194,0.0,0.0,0.0,0.0,0.0,0.0,0.0,0.0,0.0,0.0,0.0,0.0,0.0,0.0,0.0,0.0,0.0,0.0,0.0,0.0,0.0,0.0,0.0,0.0,0.0,0.0,0.0,0.0,0.0,0.0,0.0,0.0,0.0,0.0,0.0,0.0,0.0,0.0,0.011106722,0.015935732,0.0,0.0,0.0,0.0,0.0014487029,0.00096580194,0.013038326,0.03525177,0.0,0.0,0.0,0.0,0.0,0.00048290097,0.008692217,0.015452831,0.0,0.0,0.0,0.0,0.0,0.0,0.0,0.00048290097,0.0,0.0,0.0,0.0,0.0,0.0,0.0,0.00048290097,0.0,0.0,0.0,0.0,0.0,0.0,0.0,0.0,0.0,0.0,0.0,0.0,0.0,0.0,0.0,0.0,0.0,0.0,0.0,0.0,0.0,0.0,0.0,0.0,0.0,0.0,0.0,0.0,0.0,0.0,0.0,0.0,0.0,0.0,0.0,0.0,0.0,0.0,0.00096580194,0.023179246,0.0,0.0,0.0,0.0,0.0,0.00096580194,0.0043461085,0.01014092,0.0,0.0,0.0,0.0,0.0,0.0,0.00096580194,0.0053119105,0.0,0.0,0.0,0.0,0.0,0.0,0.0,0.0014487029,0.0,0.0,0.0,0.0,0.0,0.0,0.0,0.0,0.0,0.0,0.0,0.0,0.0,0.0,0.0,0.0,0.0,0.0,0.0,0.0,0.0,0.0,0.0,0.0,0.0,0.0,0.0,0.0,0.0,0.0,0.0,0.0,0.0,0.0,0.0,0.0,0.0,0.0,0.0,0.0,0.0,0.0,0.0,0.0,0.0,0.0,0.0,0.0019316039,0.0,0.0,0.0,0.0,0.0,0.0,0.0024145048,0.012072524,0.0,0.0,0.0,0.0,0.0,0.0,0.0,0.0053119105,0.0,0.0,0.0,0.0,0.0,0.0,0.0,0.0,0.0,0.0,0.0,0.0,0.0,0.0,0.0,0.0,0.0,0.0,0.0,0.0,0.0,0.0,0.0,0.0,0.0,0.0,0.0,0.0,0.0,0.0,0.0,0.0,0.0,0.0,0.0,0.0,0.0,0.0,0.0,0.0,0.0,0.0,0.0,0.0,0.0,0.0,0.0,0.0,0.0,0.0,0.0,0.0,0.0,0.0,0.0,0.00048290097,0.0,0.0,0.0,0.0,0.0,0.0,0.0,0.9952589
C:\Users\fabio\Downloads\dataset_category\dataset_category\Apparel Set\16.jpg,0.0005145547,0.0010291093,0.0,0.0005145547,0.0005145547,0.0,0.0,0.0,0.0,0.0020582187,0.004630992,0.0,0.0010291093,0.004630992,0.0,0.0,0.0,0.0,0.0,0.0,0.0,0.0,0.0,0.0,0.0,0.0,0.0,0.0,0.0,0.0,0.0,0.0,0.0,0.0,0.0,0.0,0.0,0.0,0.0,0.0,0.0,0.0,0.0,0.0,0.0,0.0,0.0,0.0,0.0,0.0,0.0,0.0,0.0,0.0,0.0,0.0,0.0,0.0,0.0,0.0,0.0,0.0,0.0,0.0,0.0,0.0,0.0,0.0,0.0,0.0,0.0,0.0,0.0,0.0005145547,0.008232875,0.001543664,0.0041164374,0.033960607,0.01749486,0.0,0.0,0.0,0.0005145547,0.007203765,0.0036018826,0.016980303,0.060717452,0.0,0.0,0.0,0.0,0.0,0.0,0.0,0.0,0.0,0.0,0.0,0.0,0.0,0.0,0.0,0.0,0.0,0.0,0.0,0.0,0.0,0.0,0.0,0.0,0.0,0.0,0.0,0.0,0.0,0.0,0.0,0.0,0.0,0.0,0.0,0.0,0.0,0.0,0.0,0.0,0.0,0.0,0.0,0.0,0.0,0.0,0.0,0.0,0.0,0.0,0.0,0.0,0.0,0.0,0.0010291093,0.0,0.0005145547,0.0,0.0,0.0010291093,0.0025727735,0.006689211,0.01749486,0.05968834,0.0,0.0,0.0,0.0,0.0005145547,0.010805648,0.018523969,0.0041164374,0.0,0.0,0.0,0.0,0.0,0.0,0.0010291093,0.0005145547,0.0,0.0,0.0,0.0,0.0,0.0,0.0,0.0,0.0,0.0,0.0,0.0,0.0,0.0,0.0,0.0,0.0,0.0,0.0,0.0,0.0,0.0,0.0,0.0,0.0,0.0,0.0,0.0,0.0,0.0,0.0,0.0,0.0,0.0,0.0,0.0,0.0,0.0,0.0,0.0,0.0,0.0,0.0,0.0,0.0,0.0,0.0,0.001543664,0.0,0.0,0.0,0.0,0.0005145547,0.00771832,0.040135264,0.028300507,0.0010291093,0.0,0.0,0.0,0.0005145547,0.00771832,0.022640405,0.021096742,0.0,0.0,0.0,0.0,0.0005145547,0.0,0.0,0.0005145547,0.0010291093,0.0,0.0,0.0,0.0,0.0,0.0,0.0,0.0,0.0,0.0,0.0,0.0,0.0,0.0,0.0,0.0,0.0,0.0,0.0,0.0,0.0,0.0,0.0,0.0,0.0,0.0,0.0,0.0,0.0,0.0,0.0,0.0,0.0,0.0,0.0,0.0,0.0,0.0,0.0,0.0,0.0,0.0,0.0,0.0,0.0,0.0,0.0020582187,0.0,0.0,0.0,0.0,0.0005145547,0.0056601013,0.00874743,0.023669515,0.004630992,0.0,0.0,0.0,0.0020582187,0.010805648,0.006689211,0.010805648,0.011320203,0.0,0.0,0.0,0.0,0.0,0.0,0.0005145547,0.005145547,0.0,0.0,0.0,0.0,0.0,0.0,0.0,0.0,0.0,0.0,0.0,0.0,0.0,0.0,0.0,0.0,0.0,0.0,0.0,0.0,0.0,0.0,0.0,0.0,0.0,0.0,0.0,0.0,0.0,0.0,0.0,0.0,0.0,0.0,0.0,0.0,0.0,0.0,0.0,0.0,0.0,0.0,0.0,0.0,0.0005145547,0.0,0.0,0.001543664,0.0,0.0,0.0,0.0005145547,0.009261984,0.007203765,0.010291094,0.01440753,0.0,0.0,0.0,0.0,0.0005145547,0.001543664,0.0041164374,0.019553078,0.0,0.0,0.0,0.0,0.0,0.0,0.0,0.0025727735,0.0,0.0,0.0,0.0,0.0,0.0,0.0,0.0,0.0,0.0,0.0,0.0,0.0,0.0,0.0,0.0,0.0,0.0,0.0,0.0,0.0,0.0,0.0,0.0,0.0,0.0,0.0,0.0,0.0,0.0,0.0,0.0,0.0,0.0,0.0,0.0,0.0,0.0,0.0,0.0,0.0,0.0,0.0,0.0,0.0,0.0,0.001543664,0.0,0.0,0.0,0.0,0.0,0.0,0.0,0.003087328,0.013378422,0.0,0.0,0.0,0.0,0.0,0.0,0.0,0.009776539,0.0,0.0,0.0,0.0,0.0,0.0,0.0,0.0,0.0,0.0,0.0,0.0,0.0,0.0,0.0,0.0,0.0,0.0,0.0,0.0,0.0,0.0,0.0,0.0,0.0,0.0,0.0,0.0,0.0,0.0,0.0,0.0,0.0,0.0,0.0,0.0,0.0,0.0,0.0,0.0,0.0,0.0,0.0,0.0,0.0,0.0,0.0,0.0,0.0,0.0,0.0,0.0,0.0,0.0,0.0,0.0010291093,0.0,0.0,0.0,0.0,0.0,0.0,0.0,0.99206144
C:\Users\fabio\Downloads\dataset_category\dataset_category\Apparel Set\17.jpg,0.0070822043,0.0037771757,0.00047214696,0.00047214696,0.0,0.0,0.0,0.0,0.0,0.0009442939,0.0037771757,0.0033050287,0.00047214696,0.0,0.0,0.0,0.0,0.0,0.0,0.00047214696,0.00047214696,0.0018885878,0.0,0.0,0.0,0.0,0.0,0.0,0.0,0.00047214696,0.00047214696,0.0,0.0,0.0,0.0,0.0,0.0,0.0,0.0,0.0,0.0,0.0,0.0,0.0,0.0,0.0,0.0,0.0,0.0,0.0,0.0,0.0,0.0,0.0,0.0,0.0,0.0,0.0,0.0,0.0,0.0,0.0,0.0,0.0,0.0,0.0,0.0,0.0,0.0,0.0,0.0,0.0,0.0028328816,0.0047214697,0.0047214697,0.0033050287,0.0,0.0,0.0,0.0,0.0028328816,0.0028328816,0.0066100573,0.009915086,0.0037771757,0.0028328816,0.0014164408,0.0,0.0023607349,0.0018885878,0.0,0.0014164408,0.0,0.0047214697,0.0018885878,0.0014164408,0.0,0.0,0.0,0.0,0.00047214696,0.00047214696,0.0,0.0,0.0,0.0,0.0,0.0,0.0,0.0,0.0,0.0,0.0,0.0,0.0,0.0,0.0,0.0,0.0,0.0,0.0,0.0,0.0,0.0,0.0,0.0,0.0,0.0,0.0,0.0,0.0,0.0,0.0,0.0,0.0,0.0,0.0018885878,0.0,0.0,0.0,0.0,0.0,0.0,0.0,0.013692262,0.0014164408,0.0009442939,0.0037771757,0.008026498,0.0,0.0,0.0,0.0028328816,0.0037771757,0.0042493227,0.0037771757,0.008026498,0.0051936167,0.0,0.0009442939,0.0,0.0009442939,0.0028328816,0.0037771757,0.0056657633,0.0014164408,0.00047214696,0.0,0.0,0.0,0.0,0.0,0.0,0.0,0.00047214696,0.0,0.0,0.0,0.0,0.0,0.0,0.0,0.0,0.0,0.0,0.0,0.0,0.0,0.0,0.0,0.0,0.0,0.0,0.0,0.0,0.0,0.0,0.0,0.0,0.0,0.0,0.0,0.0,0.0,0.0,0.0,0.0,0.0,0.0051936167,0.0,0.0,0.0,0.0,0.0,0.0,0.0,0.021246614,0.0042493227,0.00047214696,0.0028328816,0.0018885878,0.0056657633,0.0,0.0,0.0018885878,0.0042493227,0.0066100573,0.0037771757,0.0075543514,0.008498645,0.008970792,0.0,0.0,0.0009442939,0.0042493227,0.008970792,0.0070822043,0.0075543514,0.0009442939,0.0,0.0,0.0,0.0,0.0,0.0,0.0018885878,0.0,0.0,0.0,0.0,0.0,0.0,0.0,0.0,0.0,0.0,0.0,0.0,0.0,0.0,0.0,0.0,0.0,0.0,0.0,0.0,0.0,0.0,0.0,0.0,0.0,0.0,0.0,0.0,0.0,0.0,0.0,0.0,0.0,0.0,0.0051936167,0.0009442939,0.00047214696,0.0,0.0,0.0,0.0,0.0,0.021246614,0.019830173,0.0023607349,0.0009442939,0.0018885878,0.0061379103,0.0018885878,0.0,0.0,0.0018885878,0.0070822043,0.008498645,0.0037771757,0.0061379103,0.011331527,0.0066100573,0.0,0.0,0.0014164408,0.011803674,0.010387233,0.0028328816,0.00047214696,0.0,0.0,0.0,0.0,0.0,0.0,0.0,0.0,0.0,0.0,0.0,0.0,0.0,0.0,0.0,0.0,0.0,0.0,0.0,0.0,0.0,0.0,0.0,0.0,0.0,0.0,0.0,0.0,0.0,0.0,0.0,0.0,0.0,0.0,0.0,0.0,0.0,0.0,0.0,0.0,0.0,0.0014164408,0.0047214697,0.0014164408,0.0,0.0,0.0,0.0,0.0,0.0,0.008498645,0.0047214697,0.0018885878,0.0009442939,0.0009442939,0.0061379103,0.0009442939,0.0,0.0,0.0,0.0014164408,0.0033050287,0.0028328816,0.0023607349,0.0023607349,0.0,0.0,0.0,0.00047214696,0.0009442939,0.0,0.0,0.0,0.0,0.0,0.0,0.0,0.0,0.0,0.0,0.0,0.0,0.0,0.0,0.0,0.0,0.0,0.0,0.0,0.0,0.0,0.0,0.0,0.0,0.0,0.0,0.0,0.0,0.0,0.0,0.0,0.0,0.0,0.0,0.0,0.0,0.0,0.0,0.0,0.0,0.0,0.0,0.0,0.0,0.0,0.0,0.0,0.00047214696,0.0,0.0,0.0,0.0,0.0018885878,0.00047214696,0.00047214696,0.00047214696,0.0066100573,0.0070822043,0.0037771757,0.0,0.0,0.0,0.0,0.0,0.0,0.0023607349,0.0023607349,0.0,0.0,0.0,0.0,0.0,0.0,0.0,0.0,0.0,0.0,0.0,0.0,0.0,0.0,0.0,0.0,0.0,0.0,0.0,0.0,0.0,0.0,0.0,0.0,0.0,0.0,0.0,0.0,0.0,0.0,0.0,0.0,0.0,0.0,0.0,0.0,0.0,0.0,0.0,0.0,0.0,0.0,0.0,0.0,0.0,0.0,0.0,0.0,0.0,0.00047214696,0.0009442939,0.0,0.0,0.0,0.0,0.00047214696,0.0,0.0,0.0,0.0,0.0,0.0,0.0023607349,0.9981187
C:\Users\fabio\Downloads\dataset_category\dataset_category\Apparel Set\18.jpg,0.0,0.0,0.0,0.0,0.0,0.002351301,0.00047026022,0.0,0.00094052043,0.00094052043,0.0,0.0,0.0,0.00047026022,0.002351301,0.0,0.0,0.0,0.0,0.0,0.0,0.0,0.0,0.0,0.0,0.0,0.0,0.0,0.0,0.0,0.0,0.0,0.0,0.0,0.0,0.0,0.0,0.0,0.0,0.0,0.0,0.0,0.0,0.0,0.0,0.0,0.0,0.0,0.0,0.0,0.0,0.0,0.0,0.0,0.0,0.0,0.0,0.0,0.0,0.0,0.0,0.0,0.0,0.0,0.0,0.0,0.0,0.0,0.0,0.0,0.0,0.0,0.0,0.006113383,0.0014107807,0.0,0.00094052043,0.0,0.0037620817,0.008934944,0.0,0.00047026022,0.006113383,0.00047026022,0.0,0.00047026022,0.0037620817,0.004702602,0.0,0.0,0.0,0.0,0.0,0.0,0.0,0.00047026022,0.0,0.0,0.0,0.0,0.0,0.0,0.0,0.0,0.0,0.0,0.0,0.0,0.0,0.0,0.0,0.0,0.0,0.0,0.0,0.0,0.0,0.0,0.0,0.0,0.0,0.0,0.0,0.0,0.0,0.0,0.0,0.0,0.0,0.0,0.0,0.0,0.0,0.0,0.0,0.0,0.0,0.0,0.0,0.0,0.0,0.0,0.00047026022,0.0018810409,0.0,0.0,0.006113383,0.0018810409,0.0014107807,0.0018810409,0.009875464,0.015988847,0.0,0.0,0.0,0.00047026022,0.002351301,0.007994424,0.0028215614,0.009405204,0.0,0.0,0.0,0.0,0.0,0.00094052043,0.0,0.0,0.0,0.0,0.0,0.0,0.0,0.0,0.0,0.0,0.0,0.0,0.0,0.0,0.0,0.0,0.0,0.0,0.0,0.0,0.0,0.0,0.0,0.0,0.0,0.0,0.0,0.0,0.0,0.0,0.0,0.0,0.0,0.0,0.0,0.0,0.0,0.0,0.0,0.0,0.0,0.0,0.0,0.0,0.0,0.0,0.0,0.0,0.00047026022,0.0,0.0,0.0,0.0,0.002351301,0.0014107807,0.0014107807,0.004702602,0.005643123,0.0,0.0,0.0,0.0,0.0014107807,0.007994424,0.014578067,0.0018810409,0.0,0.0,0.0,0.0,0.0,0.00047026022,0.0014107807,0.0,0.0,0.0,0.0,0.0,0.0,0.0,0.0,0.0,0.0,0.0,0.0,0.0,0.0,0.0,0.0,0.0,0.0,0.0,0.0,0.0,0.0,0.0,0.0,0.0,0.0,0.0,0.0,0.0,0.0,0.0,0.0,0.0,0.0,0.0,0.0,0.0,0.0,0.0,0.0,0.0,0.0,0.0,0.0,0.0,0.0,0.0,0.00047026022,0.0014107807,0.0,0.0,0.0,0.0,0.0014107807,0.006113383,0.005172862,0.010345724,0.0,0.0,0.0,0.0,0.00047026022,0.006113383,0.019280668,0.011756506,0.0,0.0,0.0,0.0,0.0,0.0,0.0014107807,0.004702602,0.0,0.0,0.0,0.0,0.0,0.0,0.0,0.0,0.0,0.0,0.0,0.0,0.0,0.0,0.0,0.0,0.0,0.0,0.0,0.0,0.0,0.0,0.0,0.0,0.0,0.0,0.0,0.0,0.0,0.0,0.0,0.0,0.0,0.0,0.0,0.0,0.0,0.0,0.0,0.00047026022,0.0,0.0,0.0,0.0,0.0,0.0,0.0,0.0,0.0,0.0,0.0,0.0,0.0,0.002351301,0.016459107,0.014578067,0.0,0.0,0.0,0.0,0.0,0.0,0.033858735,0.04467472,0.0,0.0,0.0,0.0,0.0,0.0,0.0,0.0,0.0,0.0,0.0,0.0,0.0,0.0,0.0,0.0,0.0,0.0,0.0,0.0,0.0,0.0,0.0,0.0,0.0,0.0,0.0,0.0,0.0,0.0,0.0,0.0,0.0,0.0,0.0,0.0,0.0,0.0,0.0,0.0,0.0,0.0,0.0,0.0,0.0,0.0,0.0,0.0,0.0,0.0,0.0,0.0,0.0,0.0,0.0,0.002351301,0.0,0.0,0.0,0.0,0.0,0.0,0.007994424,0.054079924,0.0,0.0,0.0,0.0,0.0,0.0,0.00094052043,0.08323606,0.0,0.0,0.0,0.0,0.0,0.0,0.0,0.0,0.0,0.0,0.0,0.0,0.0,0.0,0.0,0.0,0.0,0.0,0.0,0.0,0.0,0.0,0.0,0.0,0.0,0.0,0.0,0.0,0.0,0.0,0.0,0.0,0.0,0.0,0.0,0.0,0.0,0.0,0.0,0.0,0.0,0.0,0.0,0.0,0.0,0.0,0.0,0.0,0.0,0.0,0.0,0.0,0.0,0.0,0.0,0.0,0.0,0.0,0.0,0.0,0.0,0.0,0.0,0.9922491
C:\Users\fabio\Downloads\dataset_category\dataset_category\Apparel Set\19.jpg,0.0029455512,0.0,0.0,0.0,0.0,0.0,0.0,0.0,0.0,0.0,0.0,0.0,0.0,0.0,0.0,0.0,0.0,0.0,0.0,0.0,0.0,0.0,0.0,0.0,0.0,0.0,0.0,0.0,0.0,0.0,0.0,0.0,0.0,0.0,0.0,0.0,0.0,0.0,0.0,0.0,0.0,0.0,0.0,0.0,0.0,0.0,0.0,0.0,0.0,0.0,0.0,0.0,0.0,0.0,0.0,0.0,0.0,0.0,0.0,0.0,0.0,0.0,0.0,0.0,0.0029455512,0.0,0.0,0.0,0.0,0.0,0.0,0.0,0.016691457,0.034364764,0.0009818504,0.0024546261,0.0009818504,0.0,0.0,0.0,0.0,0.0004909252,0.0009818504,0.0009818504,0.0,0.0,0.0,0.0,0.0,0.0,0.0,0.0,0.0,0.0,0.0,0.0,0.0,0.0,0.0,0.0,0.0,0.0,0.0,0.0,0.0,0.0,0.0,0.0,0.0,0.0,0.0,0.0,0.0,0.0,0.0,0.0,0.0,0.0,0.0,0.0,0.0,0.0,0.0,0.0,0.0,0.0,0.0,0.0,0.0,0.0,0.0,0.0,0.0,0.0,0.0,0.0,0.0,0.0024546261,0.0004909252,0.0,0.0,0.0,0.0,0.0,0.0,0.0054001776,0.03092829,0.0058911024,0.0009818504,0.0009818504,0.0009818504,0.0,0.0,0.0,0.0014727756,0.004418327,0.0029455512,0.0004909252,0.0009818504,0.0004909252,0.0,0.0,0.0,0.0,0.0,0.0,0.0004909252,0.0,0.0,0.0,0.0,0.0,0.0,0.0,0.0,0.0,0.0,0.0,0.0,0.0,0.0,0.0,0.0,0.0,0.0,0.0,0.0,0.0,0.0,0.0,0.0,0.0,0.0,0.0,0.0,0.0,0.0,0.0,0.0,0.0,0.0,0.0,0.0,0.0,0.0,0.0,0.0,0.0,0.0,0.0004909252,0.0063820276,0.0004909252,0.0,0.0,0.0,0.0,0.0,0.0014727756,0.023073485,0.0603838,0.007363878,0.0004909252,0.0014727756,0.0004909252,0.0,0.0,0.0,0.0004909252,0.0034364765,0.009818505,0.0009818504,0.0,0.0,0.0,0.0,0.0,0.0,0.0,0.0004909252,0.0,0.0,0.0,0.0,0.0,0.0,0.0,0.0,0.0,0.0,0.0,0.0,0.0,0.0,0.0,0.0,0.0,0.0,0.0,0.0,0.0,0.0,0.0,0.0,0.0,0.0,0.0,0.0,0.0,0.0,0.0,0.0,0.0,0.0,0.0,0.0,0.0,0.0,0.0,0.0,0.0,0.0,0.0009818504,0.0004909252,0.013254981,0.0014727756,0.0,0.0,0.0,0.0,0.0049092523,0.0029455512,0.014727756,0.030437363,0.006872953,0.0039274017,0.0,0.0,0.0,0.0,0.0,0.0004909252,0.0058911024,0.016691457,0.0063820276,0.0,0.0,0.0,0.0,0.0,0.0,0.0,0.0054001776,0.0,0.0,0.0,0.0,0.0,0.0,0.0,0.0,0.0,0.0,0.0,0.0,0.0,0.0,0.0,0.0,0.0,0.0,0.0,0.0,0.0,0.0,0.0,0.0,0.0,0.0,0.0,0.0,0.0,0.0,0.0,0.0,0.0,0.0,0.0,0.0,0.0,0.0,0.0,0.0,0.0,0.0009818504,0.0034364765,0.0004909252,0.004418327,0.0009818504,0.0004909252,0.0,0.0,0.0014727756,0.0063820276,0.0009818504,0.009818505,0.017673308,0.0058911024,0.0024546261,0.0,0.0,0.0,0.0004909252,0.0004909252,0.0014727756,0.009818505,0.02160071,0.0,0.0,0.0,0.0,0.0,0.0,0.0,0.0009818504,0.0,0.0,0.0,0.0,0.0,0.0,0.0,0.0,0.0,0.0,0.0,0.0,0.0,0.0,0.0,0.0,0.0,0.0,0.0,0.0,0.0,0.0,0.0,0.0,0.0,0.0,0.0,0.0,0.0,0.0,0.0,0.0,0.0,0.0,0.0,0.0,0.0,0.0,0.0,0.0,0.0,0.0024546261,0.0019637009,0.0004909252,0.0,0.0014727756,0.0,0.0,0.0,0.013254981,0.0029455512,0.0058911024,0.0034364765,0.0009818504,0.019146083,0.007854803,0.0,0.0,0.0,0.0,0.0,0.0,0.0,0.0063820276,0.0,0.0,0.0,0.0,0.0,0.0,0.0,0.0,0.0,0.0,0.0,0.0,0.0,0.0,0.0,0.0,0.0,0.0,0.0,0.0,0.0,0.0,0.0,0.0,0.0,0.0,0.0,0.0,0.0,0.0,0.0,0.0,0.0,0.0,0.0,0.0,0.0,0.0,0.0,0.0,0.0,0.0,0.0,0.0,0.0,0.0,0.0,0.0,0.0,0.0058911024,0.008345729,0.0019637009,0.0009818504,0.0,0.0014727756,0.0,0.0,0.0004909252,0.008836654,0.0009818504,0.0014727756,0.0,0.0019637009,0.9946145
C:\Users\fabio\Downloads\dataset_category\dataset_category\Apparel Set\2.jpg,0.0,0.0015603113,0.0005201038,0.0,0.0,0.0,0.0,0.0,0.0,0.005201038,0.0005201038,0.0005201038,0.0,0.0,0.0,0.0,0.0,0.0,0.0,0.0,0.0005201038,0.0,0.0,0.0,0.0,0.0,0.0,0.0,0.0,0.0005201038,0.0015603113,0.0,0.0,0.0,0.0,0.0,0.0,0.0,0.0,0.0,0.0,0.0,0.0,0.0,0.0,0.0,0.0,0.0,0.0,0.0,0.0,0.0,0.0,0.0,0.0,0.0,0.0,0.0,0.0,0.0,0.0,0.0,0.0,0.0,0.002600519,0.0020804151,0.0,0.0005201038,0.0,0.0,0.0,0.0,0.0,0.0031206226,0.0041608303,0.0020804151,0.0015603113,0.0010402076,0.0,0.0,0.0,0.0,0.006241245,0.0041608303,0.0010402076,0.0020804151,0.0,0.0,0.0,0.0,0.0,0.0,0.0010402076,0.002600519,0.005201038,0.0015603113,0.0,0.0,0.0,0.0,0.0,0.0,0.0005201038,0.0,0.0,0.0,0.0,0.0,0.0,0.0,0.0,0.0,0.0,0.0,0.0,0.0,0.0,0.0,0.0,0.0,0.0,0.0,0.0,0.0,0.0,0.0,0.0,0.0,0.0,0.0036407264,0.0,0.0,0.0,0.0,0.0,0.0,0.0005201038,0.0275655,0.017683528,0.007281453,0.0010402076,0.0,0.0,0.0,0.0,0.0,0.0036407264,0.009881972,0.010402076,0.0036407264,0.0010402076,0.0,0.0,0.0,0.0,0.002600519,0.0020804151,0.005201038,0.0067613493,0.0015603113,0.0,0.0,0.0,0.0,0.0,0.0005201038,0.0020804151,0.005201038,0.0,0.0,0.0,0.0,0.0,0.0,0.0,0.0,0.0,0.0,0.0,0.0,0.0,0.0,0.0,0.0,0.0,0.0,0.0,0.0,0.0,0.0,0.0,0.0,0.0,0.0,0.0,0.0,0.0,0.0,0.0,0.0,0.0,0.0020804151,0.01924384,0.011442283,0.0010402076,0.0,0.0,0.0,0.0,0.0005201038,0.013522699,0.03172633,0.028085604,0.014562906,0.0005201038,0.0,0.0,0.0,0.0,0.0036407264,0.011442283,0.041608304,0.010402076,0.0,0.0,0.0,0.0,0.0,0.0010402076,0.004680934,0.009881972,0.0036407264,0.0,0.0,0.0,0.0,0.0,0.0,0.005201038,0.0036407264,0.0,0.0,0.0,0.0,0.0,0.0,0.0,0.0005201038,0.0,0.0,0.0,0.0,0.0,0.0,0.0,0.0,0.0,0.0,0.0,0.0,0.0,0.0,0.0,0.0,0.0,0.0,0.0005201038,0.0031206226,0.0020804151,0.0,0.0,0.0,0.0,0.0,0.0036407264,0.014042802,0.015603114,0.0036407264,0.0,0.0,0.0,0.0,0.0,0.006241245,0.018203633,0.036407266,0.01924384,0.0,0.0,0.0,0.0,0.0,0.0041608303,0.006241245,0.010402076,0.0041608303,0.0,0.0,0.0,0.0,0.0,0.0,0.0031206226,0.008841764,0.0,0.0,0.0,0.0,0.0,0.0,0.0015603113,0.008841764,0.0,0.0,0.0,0.0,0.0,0.0,0.0,0.0005201038,0.0,0.0,0.0,0.0,0.0,0.0,0.0,0.0,0.0,0.0,0.0,0.0,0.0,0.0,0.0,0.0,0.0,0.0,0.0,0.0,0.0020804151,0.0,0.0005201038,0.0,0.0,0.0,0.0,0.0005201038,0.0015603113,0.0005201038,0.0005201038,0.0,0.0,0.0,0.0,0.0,0.0031206226,0.0020804151,0.0020804151,0.0,0.0,0.0,0.0,0.0,0.0,0.0067613493,0.0031206226,0.0031206226,0.0,0.0,0.0,0.0,0.0,0.0,0.0005201038,0.017683528,0.0,0.0,0.0,0.0,0.0,0.0,0.0,0.0031206226,0.0,0.0,0.0,0.0,0.0,0.0,0.0,0.0,0.0,0.0,0.0,0.0,0.0,0.0,0.0,0.0,0.0,0.0,0.0,0.0,0.0005201038,0.0,0.0,0.0,0.0,0.0,0.0,0.0,0.0,0.0,0.0,0.0,0.0,0.0,0.0,0.0,0.0,0.0,0.0,0.0,0.0,0.0,0.0,0.0,0.0,0.0010402076,0.007281453,0.0005201038,0.0,0.0,0.0,0.0,0.0,0.0,0.005201038,0.004680934,0.0,0.0,0.0,0.0,0.0,0.0,0.0,0.009881972,0.0,0.0,0.0,0.0,0.0,0.0,0.0,0.0,0.0,0.0,0.0,0.0,0.0,0.0,0.0,0.0,0.0,0.0,0.0,0.0,0.0,0.0,0.0,0.0,0.0,0.0,0.0,0.0,0.0,0.0,0.0,0.0,0.0,0.0,0.0,0.0,0.0,0.0,0.0,0.0,0.0,0.0,0.0,0.0,0.0,0.0,0.0005201038,0.0,0.0,0.0,0.0,0.0,0.0,0.0,0.0005201038,0.0041608303,0.0,0.0,0.0,0.0,0.0,0.0,0.0,0.9949585
C:\Users\fabio\Downloads\dataset_category\dataset_category\Apparel Set\20.jpg,0.16152836,0.014024918,0.005803414,0.0,0.0,0.0,0.0,0.0,0.0,0.0009672357,0.0014508535,0.00048361786,0.0,0.0,0.0,0.0,0.0,0.0,0.0,0.0,0.0,0.0,0.0,0.0,0.0,0.0,0.0,0.0,0.0,0.0,0.0,0.0,0.0,0.0,0.0,0.0,0.0,0.0,0.0,0.0,0.0,0.0,0.0,0.0,0.0,0.0,0.0,0.0,0.0,0.0,0.0,0.0,0.0,0.0,0.0,0.0,0.0,0.0,0.0,0.0,0.0,0.0,0.0,0.0,0.0,0.0014508535,0.0053197965,0.0014508535,0.0009672357,0.0,0.0,0.0,0.0,0.005803414,0.00677065,0.002901707,0.00048361786,0.0,0.0,0.0,0.0,0.0,0.0,0.0009672357,0.00048361786,0.0,0.0,0.0,0.0,0.0,0.0,0.0,0.0,0.0,0.0,0.0,0.0,0.0,0.0,0.0,0.0,0.0,0.0,0.0,0.0,0.0,0.0,0.0,0.0,0.0,0.0,0.0,0.0,0.0,0.0,0.0,0.0,0.0,0.0,0.0,0.0,0.0,0.0,0.0,0.0,0.0,0.0,0.0,0.0,0.0,0.0,0.0,0.0009672357,0.0,0.0,0.0,0.00048361786,0.0009672357,0.0014508535,0.0062870323,0.008221503,0.0019344714,0.00048361786,0.0,0.0,0.0,0.00918874,0.007254268,0.005803414,0.00048361786,0.0,0.0,0.0,0.0,0.00048361786,0.0019344714,0.002901707,0.0038689428,0.0,0.0,0.0,0.0,0.0,0.0,0.0,0.0,0.0,0.0,0.0,0.0,0.0,0.0,0.0,0.0,0.0,0.0,0.0,0.0,0.0,0.0,0.0,0.0,0.0,0.0,0.0,0.0,0.0,0.0,0.0,0.0,0.0,0.0,0.0,0.0,0.0,0.0,0.0,0.0,0.0,0.0,0.0,0.00048361786,0.0,0.0,0.0,0.002901707,0.0038689428,0.0,0.0,0.00048361786,0.0009672357,0.005803414,0.011123211,0.011123211,0.0077378857,0.0009672357,0.0,0.0,0.0009672357,0.010155975,0.0062870323,0.0019344714,0.00048361786,0.0,0.0,0.0,0.0009672357,0.0014508535,0.0,0.002901707,0.0019344714,0.0,0.0,0.0,0.0,0.0,0.0,0.0,0.0,0.0,0.0,0.0,0.0,0.0,0.0,0.0,0.0,0.0,0.0,0.0,0.0,0.0,0.0,0.0,0.0,0.0,0.0,0.0,0.0,0.0,0.0,0.0,0.0,0.0,0.0,0.0,0.0,0.0,0.0,0.0,0.0,0.0,0.0,0.0,0.00048361786,0.0,0.0,0.0019344714,0.003385325,0.010639593,0.00048361786,0.002901707,0.0009672357,0.002901707,0.002901707,0.00677065,0.005803414,0.0053197965,0.0,0.0,0.0,0.0009672357,0.008221503,0.0048361784,0.007254268,0.0,0.0,0.0,0.0,0.00048361786,0.00048361786,0.0,0.007254268,0.0053197965,0.0,0.0,0.0,0.0,0.0,0.0,0.0,0.0,0.0,0.0,0.0,0.0,0.0,0.0,0.0,0.0,0.0,0.0,0.0,0.0,0.0,0.0,0.0,0.0,0.0,0.0,0.0,0.0,0.0,0.0,0.0,0.0,0.0,0.0,0.0,0.0,0.0,0.0,0.0,0.00048361786,0.0,0.00048361786,0.00048361786,0.0,0.0,0.0,0.00048361786,0.003385325,0.0,0.0009672357,0.00048361786,0.0009672357,0.002901707,0.0043525607,0.0062870323,0.0048361784,0.0,0.0,0.0,0.0,0.00048361786,0.00918874,0.003385325,0.007254268,0.0,0.0,0.0,0.0,0.00048361786,0.0,0.0009672357,0.013057682,0.0,0.0,0.0,0.0,0.0,0.0,0.0,0.0,0.0,0.0,0.0,0.0,0.0,0.0,0.0,0.0,0.0,0.0,0.0,0.0,0.0,0.0,0.0,0.0,0.0,0.0,0.0,0.0,0.0,0.0,0.0,0.0,0.0,0.0,0.0,0.0,0.0,0.0,0.0,0.0,0.0,0.00048361786,0.0,0.0,0.00048361786,0.0,0.0,0.0,0.0,0.00048361786,0.0,0.0014508535,0.0014508535,0.0009672357,0.0014508535,0.002901707,0.0,0.0,0.0,0.0,0.00048361786,0.00048361786,0.012574065,0.011606828,0.0,0.0,0.0,0.0,0.0,0.0,0.0,0.002901707,0.0,0.0,0.0,0.0,0.0,0.0,0.0,0.0,0.0,0.0,0.0,0.0,0.0,0.0,0.0,0.0,0.0,0.0,0.0,0.0,0.0,0.0,0.0,0.0,0.0,0.0,0.0,0.0,0.0,0.0,0.0,0.0,0.0,0.0,0.0,0.0,0.0,0.0,0.0,0.0,0.0,0.0,0.00048361786,0.0009672357,0.0009672357,0.0,0.0,0.0,0.0,0.0,0.0,0.0019344714,0.0048361784,0.002901707,0.0009672357,0.0019344714,0.0,0.0,0.0,0.0,0.0,0.00048361786,0.0009672357,0.98561317
C:\Users\fabio\Downloads\dataset_category\dataset_category\Apparel Set\21.jpg,0.0075379102,0.001507582,0.0010050547,0.00050252734,0.0,0.0,0.0,0.0,0.0020101094,0.0080404375,0.0025126366,0.0,0.00050252734,0.0,0.0,0.0,0.0,0.0,0.0,0.0,0.0,0.0,0.0,0.0,0.0,0.0,0.0,0.0,0.0,0.0,0.0,0.0,0.0,0.0,0.0,0.0,0.0,0.0,0.0,0.0,0.0,0.0,0.0,0.0,0.0,0.0,0.0,0.0,0.0,0.0,0.0,0.0,0.0,0.0,0.0,0.0,0.0,0.0,0.0,0.0,0.0,0.0,0.0,0.0,0.00050252734,0.00050252734,0.0,0.0,0.00050252734,0.0,0.0,0.0,0.0080404375,0.093972616,0.0150758205,0.008542965,0.005025273,0.001507582,0.00050252734,0.0,0.0,0.003015164,0.0065328553,0.011055602,0.010553074,0.003015164,0.0,0.0,0.0,0.0,0.0,0.0,0.00050252734,0.00050252734,0.0,0.0,0.0,0.0,0.0,0.0,0.0,0.0,0.0,0.0,0.0,0.0,0.0,0.0,0.0,0.0,0.0,0.0,0.0,0.0,0.0,0.0,0.0,0.0,0.0,0.0,0.0,0.0,0.0,0.0,0.0,0.0,0.0,0.0,0.0,0.0,0.0,0.0,0.0,0.0,0.0,0.0,0.0,0.0025126366,0.001507582,0.0,0.0,0.0,0.0,0.0,0.0,0.005025273,0.012060656,0.0080404375,0.025126368,0.019598566,0.0035176915,0.0010050547,0.0,0.0,0.0010050547,0.003015164,0.010050546,0.013568238,0.005527801,0.0010050547,0.0,0.0,0.0,0.0,0.00050252734,0.0010050547,0.0,0.0,0.0,0.0,0.0,0.0,0.0,0.0,0.0,0.0,0.0,0.0,0.0,0.0,0.0,0.0,0.0,0.0,0.0,0.0,0.0,0.0,0.0,0.0,0.0,0.0,0.0,0.0,0.0,0.0,0.0,0.0,0.0,0.0,0.0,0.0,0.0,0.0,0.0,0.0,0.0,0.0,0.0,0.0,0.0,0.0,0.00050252734,0.00050252734,0.001507582,0.00050252734,0.0,0.0,0.0,0.005025273,0.006030328,0.027136477,0.03969966,0.003015164,0.0,0.0,0.0,0.0010050547,0.0020101094,0.012060656,0.019598566,0.0040202187,0.0,0.0,0.0,0.0,0.0,0.0,0.0010050547,0.00050252734,0.0,0.0,0.0,0.0,0.0,0.0,0.0,0.0,0.0,0.0,0.0,0.0,0.0,0.0,0.0,0.0,0.0,0.0,0.0,0.0,0.0,0.0,0.0,0.0,0.0,0.0,0.0,0.0,0.0,0.0,0.0,0.0,0.0,0.0,0.0,0.0,0.0,0.0,0.0,0.0,0.0,0.0,0.0,0.00050252734,0.0,0.001507582,0.001507582,0.001507582,0.0,0.0,0.0,0.0,0.004522746,0.0075379102,0.012563184,0.006030328,0.0,0.0,0.0,0.0,0.0,0.001507582,0.006030328,0.01909604,0.0,0.0,0.0,0.0,0.0,0.0,0.00050252734,0.0075379102,0.0,0.0,0.0,0.0,0.0,0.0,0.0,0.0,0.0,0.0,0.0,0.0,0.0,0.0,0.0,0.0,0.0,0.0,0.0,0.0,0.0,0.0,0.0,0.0,0.0,0.0,0.0,0.0,0.0,0.0,0.0,0.0,0.0,0.0,0.0,0.0,0.0,0.0,0.0,0.0,0.0,0.0,0.0,0.0,0.0,0.0,0.0010050547,0.0020101094,0.0,0.0,0.0,0.0,0.0,0.005527801,0.00954802,0.006030328,0.0,0.0,0.0,0.0,0.0,0.0010050547,0.001507582,0.014070766,0.0,0.0,0.0,0.0,0.0,0.0,0.0,0.0010050547,0.0,0.0,0.0,0.0,0.0,0.0,0.0,0.0,0.0,0.0,0.0,0.0,0.0,0.0,0.0,0.0,0.0,0.0,0.0,0.0,0.0,0.0,0.0,0.0,0.0,0.0,0.0,0.0,0.0,0.0,0.0,0.0,0.0,0.0,0.0,0.0,0.0,0.0,0.0,0.0,0.0,0.0,0.0,0.0,0.0,0.0,0.0,0.00050252734,0.0,0.0,0.0,0.0,0.0,0.0,0.009045492,0.023116257,0.0,0.0,0.0,0.0,0.0,0.0,0.0,0.0065328553,0.0,0.0,0.0,0.0,0.0,0.0,0.0,0.0,0.0,0.0,0.0,0.0,0.0,0.0,0.0,0.0,0.0,0.0,0.0,0.0,0.0,0.0,0.0,0.0,0.0,0.0,0.0,0.0,0.0,0.0,0.0,0.0,0.0,0.0,0.0,0.0,0.0,0.0,0.0,0.0,0.0,0.0,0.0,0.0,0.0,0.0,0.0,0.0,0.0,0.0,0.0,0.0,0.0,0.0,0.0,0.00050252734,0.0,0.0,0.0,0.0,0.0,0.0,0.00050252734,0.99198896
C:\Users\fabio\Downloads\dataset_category\dataset_category\Apparel Set\22.jpg,0.13647936,0.02624603,0.007635209,0.0033404038,0.0,0.0,0.0,0.0,0.0,0.0023860028,0.00047720055,0.00047720055,0.0,0.0,0.0,0.0,0.0,0.0,0.0,0.0,0.0,0.0,0.0,0.0,0.0,0.0,0.0,0.0,0.0,0.0,0.0,0.0,0.0,0.0,0.0,0.0,0.0,0.0,0.0,0.0,0.0,0.0,0.0,0.0,0.0,0.0,0.0,0.0,0.0,0.0,0.0,0.0,0.0,0.0,0.0,0.0,0.0,0.0,0.0,0.0,0.0,0.0,0.0,0.0,0.0,0.0009544011,0.0042948048,0.006203607,0.03292684,0.00047720055,0.0,0.0,0.0,0.010975612,0.0071580084,0.0009544011,0.00047720055,0.0,0.0,0.0,0.0,0.0,0.0019088022,0.0009544011,0.00047720055,0.0,0.0,0.0,0.0,0.0,0.0,0.0,0.0,0.0,0.0,0.0,0.0,0.0,0.0,0.0,0.0,0.0,0.0,0.0,0.0,0.0,0.0,0.0,0.0,0.0,0.0,0.0,0.0,0.0,0.0,0.0,0.0,0.0,0.0,0.0,0.0,0.0,0.0,0.0,0.0,0.0,0.0,0.0,0.0,0.0,0.0,0.0009544011,0.009066811,0.034358438,0.00047720055,0.0,0.0,0.0,0.0,0.0023860028,0.0023860028,0.0138388155,0.0,0.0,0.0,0.0,0.005249206,0.0071580084,0.0057264064,0.0,0.0,0.0,0.0,0.0,0.00047720055,0.00047720055,0.0033404038,0.0042948048,0.0,0.0,0.0,0.0,0.0,0.0,0.0,0.0,0.0,0.0,0.0,0.0,0.0,0.0,0.0,0.0,0.0,0.0,0.0,0.0,0.0,0.0,0.0,0.0,0.0,0.0,0.0,0.0,0.0,0.0,0.0,0.0,0.0,0.0,0.0,0.0,0.0,0.0,0.0,0.0009544011,0.00047720055,0.0,0.0,0.0,0.0,0.0,0.0014316016,0.014793217,0.034358438,0.0,0.0,0.0,0.0009544011,0.0023860028,0.0028632032,0.0023860028,0.0019088022,0.0,0.0,0.0,0.0,0.0028632032,0.0042948048,0.0066808076,0.00047720055,0.0,0.0,0.0,0.0,0.0,0.00047720055,0.0042948048,0.0033404038,0.0,0.0,0.0,0.0,0.0,0.0,0.0,0.00047720055,0.0,0.0,0.0,0.0,0.0,0.0,0.0,0.0,0.0,0.0,0.0,0.0,0.0,0.0,0.0,0.0,0.0,0.0,0.0,0.0,0.0,0.0,0.0,0.0,0.0,0.0,0.0,0.0,0.0,0.0,0.0,0.0014316016,0.0009544011,0.0,0.0,0.0,0.0,0.0,0.00047720055,0.0028632032,0.0009544011,0.0,0.0,0.0,0.0014316016,0.00047720055,0.0,0.0042948048,0.0,0.0,0.0,0.0,0.00047720055,0.0042948048,0.0042948048,0.0019088022,0.0,0.0,0.0,0.0,0.0,0.00047720055,0.0,0.0038176044,0.006203607,0.0,0.0,0.0,0.0,0.0,0.0,0.0,0.0,0.0,0.0,0.0,0.0,0.0,0.0,0.0,0.0,0.0,0.0,0.0,0.0,0.0,0.0,0.0,0.0,0.0,0.0,0.0,0.0,0.0,0.0,0.0,0.0,0.0,0.0,0.0,0.0,0.0,0.0,0.0,0.0,0.0,0.0,0.0,0.0,0.0,0.0,0.0009544011,0.0,0.0,0.0,0.0,0.0,0.0014316016,0.0009544011,0.0042948048,0.0023860028,0.0,0.0,0.0,0.0,0.0,0.0038176044,0.0019088022,0.0028632032,0.0,0.0,0.0,0.0,0.0,0.0,0.00047720055,0.005249206,0.0,0.0,0.0,0.0,0.0,0.0,0.0,0.0,0.0,0.0,0.0,0.0,0.0,0.0,0.0,0.0,0.0,0.0,0.0,0.0,0.0,0.0,0.0,0.0,0.0,0.0,0.0,0.0,0.0,0.0,0.0,0.0,0.0,0.0,0.0,0.0,0.0,0.0,0.0,0.0,0.0,0.0,0.0,0.0,0.0,0.0,0.0,0.0,0.0,0.0,0.0,0.0,0.0,0.00047720055,0.0023860028,0.0038176044,0.0,0.0,0.0,0.0,0.0,0.0,0.009066811,0.008112409,0.0,0.0,0.0,0.0,0.0,0.0,0.0,0.0009544011,0.0,0.0,0.0,0.0,0.0,0.0,0.0,0.0,0.0,0.0,0.0,0.0,0.0,0.0,0.0,0.0,0.0,0.0,0.0,0.0,0.0,0.0,0.0,0.0,0.0,0.0,0.0,0.0,0.0,0.0,0.0,0.0,0.0,0.0,0.0,0.0,0.0,0.0,0.0,0.0,0.0,0.0,0.0,0.0,0.0,0.0,0.0,0.0,0.0,0.0,0.0,0.0,0.0,0.0,0.0,0.0038176044,0.0,0.0,0.0,0.0,0.0,0.0,0.00047720055,0.9878051
C:\Users\fabio\Downloads\dataset_category\dataset_category\Apparel Set\23.jpg,0.0009909914,0.0024774785,0.0,0.0,0.0,0.0,0.004954957,0.0,0.0,0.0034684697,0.0,0.0,0.0004954957,0.0,0.001486487,0.0,0.0,0.0,0.0,0.0,0.0009909914,0.0019819827,0.0004954957,0.0,0.0,0.0,0.0,0.0,0.0,0.0054504527,0.002972974,0.0,0.0,0.0,0.0,0.0,0.0,0.0,0.009909914,0.007432435,0.0,0.0,0.0,0.0,0.0,0.0,0.0,0.0039639655,0.0,0.0,0.0,0.0,0.0,0.0,0.0,0.0,0.0,0.0,0.0,0.0,0.0,0.0,0.0,0.0,0.0,0.0,0.0,0.0,0.0,0.0004954957,0.011891896,0.0034684697,0.0,0.0034684697,0.0039639655,0.0,0.0004954957,0.0009909914,0.052522544,0.011891896,0.0,0.0,0.0024774785,0.001486487,0.0,0.0004954957,0.0034684697,0.0039639655,0.0,0.0,0.0,0.0,0.0,0.0,0.0004954957,0.0009909914,0.0,0.0,0.0,0.0,0.0,0.0009909914,0.0039639655,0.004459461,0.0,0.0,0.0,0.0,0.0,0.0,0.0004954957,0.038648665,0.0,0.0,0.0,0.0,0.0,0.0,0.0,0.0,0.0,0.0,0.0,0.0,0.0,0.0,0.0,0.0,0.0,0.0,0.0,0.0,0.0,0.0,0.0,0.0,0.0,0.0,0.0,0.0,0.0,0.0,0.03220722,0.0574775,0.0,0.0,0.0024774785,0.001486487,0.0,0.0004954957,0.021306314,0.036171183,0.0,0.0,0.0,0.0004954957,0.002972974,0.0024774785,0.0064414437,0.001486487,0.0,0.0,0.0,0.0,0.0,0.0009909914,0.0024774785,0.0019819827,0.0,0.0,0.0,0.0,0.0,0.0,0.001486487,0.004954957,0.0,0.0,0.0,0.0,0.0,0.0,0.0,0.0019819827,0.0,0.0,0.0,0.0,0.0,0.0,0.0,0.0,0.0,0.0,0.0,0.0,0.0,0.0,0.0,0.0,0.0,0.0,0.0,0.0,0.0,0.0,0.0,0.0,0.0,0.0,0.0,0.0,0.0,0.0,0.0004954957,0.0004954957,0.0,0.0,0.0,0.0024774785,0.0009909914,0.0009909914,0.004459461,0.002972974,0.0,0.0,0.0,0.0,0.002972974,0.008423426,0.010900905,0.0024774785,0.0,0.0,0.0,0.0,0.0,0.0,0.007927931,0.0039639655,0.0,0.0,0.0,0.0,0.0,0.0,0.0,0.0024774785,0.0,0.0,0.0,0.0,0.0,0.0,0.0,0.0,0.0,0.0,0.0,0.0,0.0,0.0,0.0,0.0,0.0,0.0,0.0,0.0,0.0,0.0,0.0,0.0,0.0,0.0,0.0,0.0,0.0,0.0,0.0,0.0,0.0,0.0,0.0,0.0,0.0004954957,0.0,0.0009909914,0.0009909914,0.0,0.0,0.0,0.0,0.0009909914,0.001486487,0.007432435,0.007432435,0.0,0.0,0.0,0.0,0.0,0.001486487,0.015855862,0.012387392,0.0,0.0,0.0,0.0,0.0,0.0,0.001486487,0.0069369394,0.0,0.0,0.0,0.0,0.0,0.0,0.0,0.0,0.0,0.0,0.0,0.0,0.0,0.0,0.0,0.0,0.0,0.0,0.0,0.0,0.0,0.0,0.0,0.0,0.0,0.0,0.0,0.0,0.0,0.0,0.0,0.0,0.0,0.0,0.0,0.0,0.0,0.0,0.0,0.0,0.0,0.0,0.0,0.0,0.0,0.0,0.0009909914,0.0,0.0,0.0,0.0,0.0,0.0,0.001486487,0.0064414437,0.004459461,0.0,0.0,0.0,0.0,0.0,0.0,0.004459461,0.022792801,0.0,0.0,0.0,0.0,0.0,0.0,0.0,0.002972974,0.0,0.0,0.0,0.0,0.0,0.0,0.0,0.0,0.0,0.0,0.0,0.0,0.0,0.0,0.0,0.0,0.0,0.0,0.0,0.0,0.0,0.0,0.0,0.0,0.0,0.0,0.0,0.0,0.0,0.0,0.0,0.0,0.0,0.0,0.0,0.0,0.0,0.0,0.0,0.0,0.0,0.0,0.0,0.0,0.0,0.0,0.0,0.0,0.0,0.0,0.0,0.0,0.0,0.0,0.001486487,0.016846852,0.0,0.0,0.0,0.0,0.0,0.0,0.0,0.009909914,0.0,0.0,0.0,0.0,0.0,0.0,0.0,0.0,0.0,0.0,0.0,0.0,0.0,0.0,0.0,0.0,0.0,0.0,0.0,0.0,0.0,0.0,0.0,0.0,0.0,0.0,0.0,0.0,0.0,0.0,0.0,0.0,0.0,0.0,0.0,0.0,0.0,0.0,0.0,0.0,0.0,0.0,0.0,0.0,0.0,0.0,0.0,0.0,0.0,0.0,0.0,0.0,0.0,0.0,0.0,0.0004954957,0.0,0.0,0.0,0.0,0.0,0.0,0.0,0.9934688
C:\Users\fabio\Downloads\dataset_category\dataset_category\Apparel Set\24.jpg,0.017134419,0.033764884,0.08668,0.05946651,0.0055434885,0.0,0.0,0.0,0.0,0.0015118604,0.0025197675,0.0025197675,0.001007907,0.002015814,0.0,0.0,0.0,0.0,0.0,0.0,0.0,0.0015118604,0.0025197675,0.0005039535,0.0,0.0,0.0,0.0,0.0,0.0,0.0,0.001007907,0.0,0.0,0.0,0.0,0.0,0.0,0.0,0.0,0.0,0.0,0.0,0.0,0.0,0.0,0.0,0.0,0.0,0.0,0.0,0.0,0.0,0.0,0.0,0.0,0.0,0.0,0.0,0.0,0.0,0.0,0.0,0.0,0.0,0.0,0.0,0.001007907,0.0025197675,0.0,0.0,0.0,0.0,0.0015118604,0.006551395,0.009071163,0.004031628,0.0005039535,0.0,0.0,0.0,0.0,0.0,0.006551395,0.001007907,0.0025197675,0.0005039535,0.0,0.0,0.0,0.0,0.0,0.0,0.0,0.0,0.0,0.0,0.0,0.0,0.0,0.0,0.0,0.0,0.0,0.0,0.0,0.0,0.0,0.0,0.0,0.0,0.0,0.0,0.0,0.0,0.0,0.0,0.0,0.0,0.0,0.0,0.0,0.0,0.0,0.0,0.0,0.0,0.0,0.0,0.0,0.0,0.0,0.0,0.0,0.0,0.0,0.0,0.0,0.0,0.0005039535,0.0,0.0,0.0,0.0,0.0,0.0,0.0005039535,0.01007907,0.015622558,0.0015118604,0.0,0.0,0.0,0.0,0.0,0.001007907,0.008567209,0.0035276744,0.001007907,0.0,0.0,0.0,0.0,0.0,0.0,0.0,0.0,0.0,0.0,0.0,0.0,0.0,0.0,0.0,0.0,0.0,0.0,0.0,0.0,0.0,0.0,0.0,0.0,0.0,0.0,0.0,0.0,0.0,0.0,0.0,0.0,0.0,0.0,0.0,0.0,0.0,0.0,0.0,0.0,0.0,0.0,0.0,0.0,0.0,0.0,0.0,0.0,0.0,0.0,0.001007907,0.0,0.0005039535,0.0,0.0005039535,0.0,0.0,0.0,0.0005039535,0.001007907,0.0015118604,0.015622558,0.008063256,0.001007907,0.0,0.0,0.0,0.0,0.0,0.0060474416,0.012094883,0.0035276744,0.0,0.0,0.0,0.0,0.0,0.0,0.0,0.001007907,0.0,0.0,0.0,0.0,0.0,0.0,0.0,0.0,0.0,0.0,0.0,0.0,0.0,0.0,0.0,0.0,0.0,0.0,0.0,0.0,0.0,0.0,0.0,0.0,0.0,0.0,0.0,0.0,0.0,0.0,0.0,0.0,0.0,0.0,0.0,0.0,0.0,0.0,0.0,0.0,0.0,0.0030237208,0.001007907,0.001007907,0.0,0.0,0.0,0.0,0.0,0.0,0.0,0.0,0.0,0.002015814,0.016126512,0.009071163,0.0,0.0,0.0,0.0,0.0,0.0,0.008567209,0.014110697,0.006551395,0.0,0.0,0.0,0.0,0.0,0.0,0.0,0.0005039535,0.0,0.0,0.0,0.0,0.0,0.0,0.0,0.0,0.0,0.0,0.0,0.0,0.0,0.0,0.0,0.0,0.0,0.0,0.0,0.0,0.0,0.0,0.0,0.0,0.0,0.0,0.0,0.0,0.0,0.0,0.0,0.0,0.0,0.0,0.0,0.0,0.0,0.0,0.0,0.0,0.0005039535,0.0025197675,0.0,0.0,0.0,0.0,0.0,0.0,0.0,0.0,0.0,0.0,0.0,0.0025197675,0.025197674,0.002015814,0.0,0.0,0.0,0.0,0.0,0.0,0.04031628,0.014110697,0.0,0.0,0.0,0.0,0.0,0.0,0.0,0.0,0.0,0.0,0.0,0.0,0.0,0.0,0.0,0.0,0.0,0.0,0.0,0.0,0.0,0.0,0.0,0.0,0.0,0.0,0.0,0.0,0.0,0.0,0.0,0.0,0.0,0.0,0.0,0.0,0.0,0.0,0.0,0.0,0.0,0.0,0.0,0.0,0.0,0.0,0.0,0.0,0.0,0.0,0.0,0.0,0.0,0.0,0.0,0.0,0.0,0.0,0.0,0.0,0.0,0.0,0.019654186,0.06349814,0.0,0.0,0.0,0.0,0.0,0.0,0.0,0.01007907,0.0,0.0,0.0,0.0,0.0,0.0,0.0,0.0,0.0,0.0,0.0,0.0,0.0,0.0,0.0,0.0,0.0,0.0,0.0,0.0,0.0,0.0,0.0,0.0,0.0,0.0,0.0,0.0,0.0,0.0,0.0,0.0,0.0,0.0,0.0,0.0,0.0,0.0,0.0,0.0,0.0,0.0,0.0,0.0,0.0,0.0,0.0,0.0,0.0,0.0,0.0,0.0,0.0,0.0,0.0,0.0,0.0,0.0,0.0,0.0,0.0,0.0,0.0,0.9892607
C:\Users\fabio\Downloads\dataset_category\dataset_category\Apparel Set\25.jpg,0.008201071,0.0020502678,0.0,0.0,0.0,0.0,0.0,0.0,0.0,0.0020502678,0.00051256694,0.0,0.0,0.0,0.0,0.0,0.0,0.0,0.0,0.0,0.0,0.0,0.0,0.0,0.0,0.0,0.0,0.0,0.0,0.0,0.0,0.0,0.0,0.0,0.0,0.0,0.0,0.0,0.0,0.0,0.0,0.0,0.0,0.0,0.0,0.0,0.0,0.0,0.0,0.0,0.0,0.0,0.0,0.0,0.0,0.0,0.0,0.0,0.0,0.0,0.0,0.0,0.0,0.0,0.0061508035,0.0010251339,0.0,0.0,0.0,0.0,0.0,0.0,0.0035879686,0.005638236,0.0046131024,0.0041005355,0.00051256694,0.0,0.0,0.0,0.0,0.0,0.0041005355,0.00051256694,0.00051256694,0.00051256694,0.0,0.0,0.0,0.0,0.0,0.0,0.0,0.0,0.0,0.0,0.0,0.0,0.0,0.0,0.0,0.0,0.0,0.0,0.0,0.0,0.0,0.0,0.0,0.0,0.0,0.0,0.0,0.0,0.0,0.0,0.0,0.0,0.0,0.0,0.0,0.0,0.0,0.0,0.0,0.0,0.0,0.0,0.0,0.0,0.0,0.0,0.0,0.0,0.0,0.0,0.0025628346,0.015889576,0.0015377009,0.0035879686,0.0046131024,0.0,0.00051256694,0.0,0.0,0.008201071,0.012301607,0.010251339,0.005638236,0.0020502678,0.0020502678,0.0,0.0,0.0,0.00051256694,0.0020502678,0.0015377009,0.00051256694,0.00051256694,0.0,0.0,0.0,0.0,0.0,0.0,0.0,0.0,0.0,0.0,0.0,0.0,0.0,0.0,0.0,0.0,0.0,0.0,0.0,0.0,0.0,0.0,0.0,0.0,0.0,0.0,0.0,0.0,0.0,0.0,0.0,0.0,0.0,0.0,0.0,0.0,0.0,0.0,0.0,0.0,0.0,0.0,0.0015377009,0.00051256694,0.0,0.0,0.0020502678,0.0010251339,0.0,0.0,0.034341983,0.03024145,0.0066633704,0.005638236,0.011276472,0.0035879686,0.00051256694,0.0,0.00051256694,0.008713638,0.013839307,0.023065513,0.015377008,0.0035879686,0.0,0.0,0.0,0.0,0.0015377009,0.0025628346,0.0041005355,0.0015377009,0.0,0.0,0.0,0.0,0.0,0.0,0.0,0.0,0.00051256694,0.0,0.0,0.0,0.0,0.0,0.0,0.0,0.0,0.0,0.0,0.0,0.0,0.0,0.0,0.0,0.0,0.0,0.0,0.0,0.0,0.0,0.0,0.0,0.0,0.0,0.0,0.0,0.0,0.0,0.0,0.0,0.0,0.0,0.0015377009,0.0030754018,0.00051256694,0.00051256694,0.0035879686,0.0010251339,0.0,0.0,0.00051256694,0.0066633704,0.0066633704,0.019477544,0.021015245,0.014864441,0.0,0.0,0.0,0.00051256694,0.0046131024,0.027678614,0.02870375,0.0066633704,0.0010251339,0.0,0.0,0.0,0.0,0.0020502678,0.0030754018,0.0066633704,0.0015377009,0.0,0.0,0.0,0.0,0.0,0.0,0.0010251339,0.0025628346,0.0,0.0,0.0,0.0,0.0,0.0,0.0,0.0,0.0,0.0,0.0,0.0,0.0,0.0,0.0,0.0,0.0,0.0,0.0,0.0,0.0,0.0,0.0,0.0,0.0,0.0,0.0,0.0,0.0,0.0,0.0,0.0,0.0,0.0,0.0,0.0,0.0,0.0010251339,0.0015377009,0.0,0.0,0.0,0.0,0.0051256693,0.009226205,0.011276472,0.0051256693,0.0,0.0,0.0,0.0,0.0020502678,0.008713638,0.013839307,0.014864441,0.00051256694,0.0,0.0,0.0,0.0,0.0,0.0015377009,0.0035879686,0.02819118,0.0,0.0,0.0,0.0,0.0,0.0,0.0,0.0020502678,0.0,0.0,0.0,0.0,0.0,0.0,0.0,0.0,0.0,0.0,0.0,0.0,0.0,0.0,0.0,0.0,0.0,0.0,0.0,0.0,0.0,0.0,0.0,0.0,0.0,0.0,0.0,0.0,0.0,0.0,0.0,0.0,0.0,0.0,0.0,0.0,0.0,0.0,0.0,0.0,0.0,0.0,0.0,0.0,0.0,0.0046131024,0.0010251339,0.0,0.0,0.0,0.0,0.0,0.0,0.0020502678,0.008713638,0.009226205,0.0,0.0,0.0,0.0,0.0,0.0,0.0,0.015377008,0.0,0.0,0.0,0.0,0.0,0.0,0.0,0.0,0.0,0.0,0.0,0.0,0.0,0.0,0.0,0.0,0.0,0.0,0.0,0.0,0.0,0.0,0.0,0.0,0.0,0.0,0.0,0.0,0.0,0.0,0.0,0.0,0.0,0.0,0.0,0.0,0.0,0.0,0.0,0.0,0.0,0.0,0.0,0.0,0.0,0.0,0.0,0.0,0.0,0.0,0.0,0.0,0.0,0.0,0.0020502678,0.0015377009,0.0,0.0,0.0,0.0,0.0,0.0,0.0015377009,0.995405
C:\Users\fabio\Downloads\dataset_category\dataset_category\Apparel Set\3.jpg,0.0009884083,0.00049420417,0.0,0.0,0.0,0.0,0.0,0.0,0.0,0.002965225,0.0,0.0,0.0,0.0,0.0,0.0,0.0,0.0,0.0,0.0,0.0,0.0,0.0,0.0,0.0,0.0,0.0,0.0,0.0,0.0,0.0,0.0,0.0,0.0,0.0,0.0,0.0,0.0,0.0,0.0,0.0,0.0,0.0,0.0,0.0,0.0,0.0,0.0,0.0,0.0,0.0,0.0,0.0,0.0,0.0,0.0,0.0,0.0,0.0,0.0,0.0,0.0,0.0,0.0,0.0,0.0,0.0,0.0,0.0,0.0,0.0,0.0,0.00593045,0.018285554,0.0039536334,0.0,0.0,0.0,0.0,0.0,0.0064246543,0.0014826125,0.0034594291,0.0009884083,0.0,0.0,0.0,0.0,0.0,0.0,0.0,0.0,0.0,0.0,0.0,0.0,0.0,0.0,0.0,0.0,0.0,0.0,0.0,0.0,0.0,0.0,0.0,0.0,0.0,0.0,0.0,0.0,0.0,0.0,0.0,0.0,0.0,0.0,0.0,0.0,0.0,0.0,0.0,0.0,0.0,0.0,0.0,0.0,0.0,0.0,0.0,0.0,0.0,0.0,0.0,0.0,0.0,0.0019768167,0.0,0.0,0.0,0.0,0.0,0.0,0.016802942,0.0044478374,0.0069188583,0.0019768167,0.0,0.0,0.0,0.0,0.013837717,0.0009884083,0.0009884083,0.0044478374,0.0019768167,0.0,0.0,0.0,0.0,0.0,0.0,0.0,0.0,0.0,0.0,0.0,0.0,0.0,0.0,0.0,0.0,0.0,0.0,0.0,0.0,0.0,0.0,0.0,0.0,0.0,0.0,0.0,0.0,0.0,0.0,0.0,0.0,0.0,0.0,0.0,0.0,0.0,0.0,0.0,0.0,0.0,0.0,0.0,0.0,0.0,0.0,0.0,0.0,0.0,0.0,0.0,0.0,0.00049420417,0.0,0.0,0.0,0.0,0.0,0.0,0.022239188,0.0044478374,0.004942042,0.005436246,0.0039536334,0.0009884083,0.0,0.0,0.008895675,0.002965225,0.0019768167,0.0014826125,0.002471021,0.002471021,0.0014826125,0.0,0.0,0.0,0.0,0.0,0.0,0.0009884083,0.0014826125,0.0,0.0,0.0,0.0,0.0,0.0,0.0,0.0,0.0,0.0,0.0,0.0,0.0,0.0,0.0,0.0,0.0,0.0,0.0,0.0,0.0,0.0,0.0,0.0,0.0,0.0,0.0,0.0,0.0,0.0,0.0,0.0,0.0,0.0,0.0,0.0,0.0,0.0,0.0,0.0,0.0,0.0,0.0,0.0,0.00049420417,0.0,0.0,0.0,0.0,0.005436246,0.005436246,0.012355104,0.020262372,0.043489967,0.0064246543,0.0014826125,0.0,0.0019768167,0.0034594291,0.00593045,0.0019768167,0.0039536334,0.0069188583,0.009389879,0.002471021,0.0,0.0,0.0,0.0,0.0,0.0,0.00049420417,0.0009884083,0.0,0.0,0.0,0.0,0.0,0.0,0.0,0.0,0.0,0.0,0.0,0.0,0.0,0.0,0.0,0.0,0.0,0.0,0.0,0.0,0.0,0.0,0.0,0.0,0.0,0.0,0.0,0.0,0.0,0.0,0.0,0.0,0.0,0.0,0.0,0.0,0.0,0.0,0.0,0.0,0.0,0.0014826125,0.0009884083,0.00049420417,0.010872492,0.0039536334,0.0,0.0,0.0,0.002471021,0.0069188583,0.020756574,0.051397234,0.053868253,0.002965225,0.00049420417,0.0,0.0,0.0009884083,0.0009884083,0.0019768167,0.0009884083,0.004942042,0.0237218,0.0,0.0,0.0,0.0,0.0,0.0,0.0,0.0014826125,0.0,0.0,0.0,0.0,0.0,0.0,0.0,0.0,0.0,0.0,0.0,0.0,0.0,0.0,0.0,0.0,0.0,0.0,0.0,0.0,0.0,0.0,0.0,0.0,0.0,0.0,0.0,0.0,0.0,0.0,0.0,0.0,0.0,0.0,0.0,0.0,0.0,0.0,0.0,0.0,0.0,0.0,0.0,0.00049420417,0.0009884083,0.0019768167,0.0,0.0,0.0,0.0,0.0,0.0,0.002965225,0.005436246,0.007907267,0.010872492,0.0,0.0,0.0,0.0,0.0,0.0,0.00049420417,0.027675433,0.0,0.0,0.0,0.0,0.0,0.0,0.0,0.0,0.0,0.0,0.0,0.0,0.0,0.0,0.0,0.0,0.0,0.0,0.0,0.0,0.0,0.0,0.0,0.0,0.0,0.0,0.0,0.0,0.0,0.0,0.0,0.0,0.0,0.0,0.0,0.0,0.0,0.0,0.0,0.0,0.0,0.0,0.0,0.0,0.0,0.0,0.0,0.0,0.0,0.0,0.0,0.0,0.0,0.0,0.00049420417,0.00049420417,0.0,0.0,0.0,0.0,0.0,0.0009884083,0.0039536334,0.99384457
C:\Users\fabio\Downloads\dataset_category\dataset_category\Apparel Set\4.jpg,0.21478109,0.01249286,0.0,0.0,0.0,0.0,0.0,0.0,0.0,0.0028829677,0.0,0.0,0.0,0.0,0.0,0.0,0.0,0.0,0.0,0.0,0.0,0.0,0.0,0.0,0.0,0.0,0.0,0.0,0.0,0.0,0.0,0.0,0.0,0.0,0.0,0.0,0.0,0.0,0.0,0.0,0.0,0.0,0.0,0.0,0.0,0.0,0.0,0.0,0.0,0.0,0.0,0.0,0.0,0.0,0.0,0.0,0.0,0.0,0.0,0.0,0.0,0.0,0.0,0.0,0.015856322,0.0033634622,0.0,0.0,0.0,0.0,0.0,0.0,0.002402473,0.040361546,0.020180773,0.0009609892,0.0,0.0,0.0,0.0,0.0,0.0019219784,0.009129398,0.0028829677,0.0,0.0,0.0,0.0,0.0,0.0,0.0,0.0,0.0,0.0,0.0,0.0,0.0,0.0,0.0,0.0,0.0,0.0,0.0,0.0,0.0,0.0,0.0,0.0,0.0,0.0,0.0,0.0,0.0,0.0,0.0,0.0,0.0,0.0,0.0,0.0,0.0,0.0,0.0,0.0,0.0,0.0,0.0,0.0,0.0,0.0,0.0,0.0,0.0,0.0,0.0,0.0,0.0,0.0,0.0004804946,0.0,0.0,0.0,0.0,0.0,0.0,0.0009609892,0.030751655,0.022102753,0.0014414839,0.0,0.0,0.0,0.0,0.0,0.0043244516,0.012973354,0.009129398,0.0009609892,0.0,0.0,0.0,0.0,0.0,0.0,0.0,0.0,0.0,0.0,0.0,0.0,0.0,0.0,0.0,0.0,0.0,0.0,0.0,0.0,0.0,0.0,0.0,0.0,0.0,0.0,0.0,0.0,0.0,0.0,0.0,0.0,0.0,0.0,0.0,0.0,0.0,0.0,0.0,0.0,0.0,0.0,0.0,0.0,0.0,0.0,0.0,0.0,0.0,0.0,0.0,0.0,0.0004804946,0.0,0.0,0.0,0.0,0.0,0.0,0.0,0.0038439569,0.016336817,0.009609892,0.0052854405,0.0,0.0,0.0,0.0,0.0,0.0009609892,0.0043244516,0.0067269243,0.0019219784,0.0,0.0,0.0,0.0,0.0,0.0,0.0,0.0,0.0,0.0,0.0,0.0,0.0,0.0,0.0,0.0,0.0,0.0,0.0,0.0,0.0,0.0,0.0,0.0,0.0,0.0,0.0,0.0,0.0,0.0,0.0,0.0,0.0,0.0,0.0,0.0,0.0,0.0,0.0,0.0,0.0,0.0,0.0,0.0,0.0,0.0,0.0,0.0,0.0,0.0,0.0,0.0,0.0014414839,0.0004804946,0.0,0.0,0.0,0.0,0.0,0.0,0.002402473,0.009609892,0.0043244516,0.0019219784,0.0004804946,0.0,0.0,0.0,0.0,0.0,0.0014414839,0.0038439569,0.0019219784,0.0,0.0,0.0,0.0,0.0,0.0,0.0,0.0,0.0,0.0,0.0,0.0,0.0,0.0,0.0,0.0,0.0,0.0,0.0,0.0,0.0,0.0,0.0,0.0,0.0,0.0,0.0,0.0,0.0,0.0,0.0,0.0,0.0,0.0,0.0,0.0,0.0,0.0,0.0,0.0,0.0,0.0,0.0,0.0,0.0,0.0,0.0,0.0,0.0,0.0,0.0,0.0,0.0,0.0004804946,0.0,0.0,0.0,0.0,0.0,0.0,0.0,0.011531871,0.0014414839,0.0057659354,0.0,0.0,0.0,0.0,0.0,0.0,0.0004804946,0.009129398,0.0,0.0,0.0,0.0,0.0,0.0,0.0,0.0,0.0,0.0,0.0,0.0,0.0,0.0,0.0,0.0,0.0,0.0,0.0,0.0,0.0,0.0,0.0,0.0,0.0,0.0,0.0,0.0,0.0,0.0,0.0,0.0,0.0,0.0,0.0,0.0,0.0,0.0,0.0,0.0,0.0,0.0,0.0,0.0,0.0,0.0,0.0,0.0,0.0,0.0,0.0,0.0,0.0,0.0004804946,0.0,0.0,0.0,0.0,0.0,0.0,0.0,0.0,0.010570881,0.0033634622,0.0,0.0,0.0,0.0,0.0,0.0,0.0,0.0014414839,0.0,0.0,0.0,0.0,0.0,0.0,0.0,0.0,0.0,0.0,0.0,0.0,0.0,0.0,0.0,0.0,0.0,0.0,0.0,0.0,0.0,0.0,0.0,0.0,0.0,0.0,0.0,0.0,0.0,0.0,0.0,0.0,0.0,0.0,0.0,0.0,0.0,0.0,0.0,0.0,0.0,0.0,0.0,0.0,0.0,0.0,0.0,0.0,0.0,0.0,0.0,0.0,0.0,0.0,0.0,0.0,0.0,0.0,0.0,0.0,0.0,0.0,0.0,0.97396255
C:\Users\fabio\Downloads\dataset_category\dataset_category\Apparel Set\5.jpg,0.094355546,0.0130646145,0.0004838746,0.0,0.0,0.0,0.0,0.0,0.0019354984,0.00629037,0.0019354984,0.0,0.0,0.0,0.0,0.0,0.0,0.0,0.0,0.0,0.0,0.0,0.0,0.0,0.0,0.0,0.0,0.0,0.0,0.0,0.0,0.0,0.0,0.0,0.0,0.0,0.0,0.0,0.0,0.0,0.0,0.0,0.0,0.0,0.0,0.0,0.0,0.0,0.0,0.0,0.0,0.0,0.0,0.0,0.0,0.0,0.0,0.0,0.0,0.0,0.0,0.0,0.0,0.0,0.0019354984,0.017903361,0.0077419938,0.0019354984,0.0,0.0,0.0,0.0,0.0004838746,0.017903361,0.016935611,0.002419373,0.0,0.0,0.0,0.0,0.0,0.0004838746,0.0019354984,0.002419373,0.0004838746,0.0,0.0,0.0,0.0,0.0,0.0,0.0,0.0,0.0,0.0,0.0,0.0,0.0,0.0,0.0,0.0,0.0,0.0,0.0,0.0,0.0,0.0,0.0,0.0,0.0,0.0,0.0,0.0,0.0,0.0,0.0,0.0,0.0,0.0,0.0,0.0,0.0,0.0,0.0,0.0,0.0,0.0,0.0,0.0,0.0,0.0,0.0019354984,0.0,0.0,0.0,0.0,0.0,0.0009677492,0.014032364,0.033387348,0.05129071,0.0,0.0,0.0,0.0,0.0,0.009193618,0.0038709969,0.0029032477,0.0,0.0,0.0,0.0,0.0,0.0,0.0019354984,0.0029032477,0.0019354984,0.0,0.0,0.0,0.0,0.0,0.0,0.0,0.0014516239,0.0004838746,0.0,0.0,0.0,0.0,0.0,0.0,0.0,0.0,0.0,0.0,0.0,0.0,0.0,0.0,0.0,0.0,0.0,0.0,0.0,0.0,0.0,0.0,0.0,0.0,0.0,0.0,0.0,0.0,0.0,0.0,0.0,0.0,0.0,0.0,0.0,0.0,0.0019354984,0.07354894,0.0058064954,0.0,0.0,0.0,0.0,0.0,0.0038709969,0.0058064954,0.0019354984,0.0,0.0,0.0,0.0,0.0,0.0067742444,0.002419373,0.0009677492,0.0,0.0,0.0,0.0,0.0,0.0,0.0014516239,0.009677492,0.0033871222,0.0,0.0,0.0,0.0,0.0,0.0,0.0,0.0014516239,0.0009677492,0.0,0.0,0.0,0.0,0.0,0.0,0.0,0.0,0.0,0.0,0.0,0.0,0.0,0.0,0.0,0.0,0.0,0.0,0.0,0.0,0.0,0.0,0.0,0.0,0.0,0.0,0.0,0.0,0.0,0.0,0.0,0.0,0.0,0.0,0.0,0.0,0.0004838746,0.0,0.0,0.0,0.0,0.0,0.0,0.0,0.0,0.0,0.0,0.0,0.0,0.0,0.0,0.0,0.0058064954,0.0038709969,0.0004838746,0.0,0.0,0.0,0.0,0.0,0.0,0.0014516239,0.0077419938,0.0014516239,0.0,0.0,0.0,0.0,0.0,0.0,0.0,0.002419373,0.0,0.0,0.0,0.0,0.0,0.0,0.0,0.0,0.0,0.0,0.0,0.0,0.0,0.0,0.0,0.0,0.0,0.0,0.0,0.0,0.0,0.0,0.0,0.0,0.0,0.0,0.0,0.0,0.0,0.0,0.0,0.0,0.0,0.0,0.0,0.0,0.0,0.0,0.0,0.0,0.0,0.0,0.0,0.0,0.0004838746,0.0009677492,0.0,0.0,0.0,0.0,0.0,0.0,0.0,0.0067742444,0.002419373,0.0,0.0,0.0,0.0,0.0,0.0,0.0,0.0014516239,0.020806609,0.0,0.0,0.0,0.0,0.0,0.0,0.0,0.0033871222,0.0,0.0,0.0,0.0,0.0,0.0,0.0,0.0,0.0,0.0,0.0,0.0,0.0,0.0,0.0,0.0,0.0,0.0,0.0,0.0,0.0,0.0,0.0,0.0,0.0,0.0,0.0,0.0,0.0,0.0,0.0,0.0,0.0,0.0,0.0,0.0,0.0,0.0,0.0,0.0,0.0,0.0,0.0,0.0,0.0,0.0,0.0004838746,0.0,0.0,0.0,0.0,0.0,0.0,0.0,0.0067742444,0.00629037,0.0,0.0,0.0,0.0,0.0,0.0,0.0,0.016451737,0.0,0.0,0.0,0.0,0.0,0.0,0.0,0.0,0.0,0.0,0.0,0.0,0.0,0.0,0.0,0.0,0.0,0.0,0.0,0.0,0.0,0.0,0.0,0.0,0.0,0.0,0.0,0.0,0.0,0.0,0.0,0.0,0.0,0.0,0.0,0.0,0.0,0.0,0.0,0.0,0.0,0.0,0.0,0.0,0.0,0.0,0.0,0.0,0.0,0.0,0.0,0.0,0.0,0.0,0.0,0.0004838746,0.0,0.0,0.0,0.0,0.0,0.0,0.0,0.9895236
C:\Users\fabio\Downloads\dataset_category\dataset_category\Apparel Set\6.jpg,0.0005003274,0.0,0.0,0.0,0.0,0.0,0.0,0.0,0.0,0.002501637,0.0005003274,0.0,0.0,0.0,0.0,0.0,0.0,0.0,0.0,0.0,0.0,0.0,0.0,0.0,0.0,0.0,0.0,0.0,0.0,0.0,0.0,0.0,0.0,0.0,0.0,0.0,0.0,0.0,0.0,0.0,0.0,0.0,0.0,0.0,0.0,0.0,0.0,0.0,0.0,0.0,0.0,0.0,0.0,0.0,0.0,0.0,0.0,0.0,0.0,0.0,0.0,0.0,0.0,0.0,0.0,0.0,0.009005893,0.0010006548,0.0,0.0,0.0,0.0,0.0,0.0135088395,0.0035022916,0.0010006548,0.0,0.0,0.0,0.0,0.0005003274,0.0005003274,0.0035022916,0.0035022916,0.0020013095,0.0,0.0,0.0,0.0,0.0,0.0010006548,0.0020013095,0.0020013095,0.0005003274,0.0,0.0,0.0,0.0,0.0,0.0,0.0,0.0005003274,0.0,0.0,0.0,0.0,0.0,0.0,0.0,0.0,0.0,0.0,0.0,0.0,0.0,0.0,0.0,0.0,0.0,0.0,0.0,0.0,0.0,0.0,0.0,0.0,0.0,0.0,0.0,0.0,0.0020013095,0.022514733,0.0,0.0,0.0,0.0,0.0,0.0,0.0005003274,0.009005893,0.0070045833,0.0,0.0,0.0,0.0,0.0005003274,0.004002619,0.002501637,0.0035022916,0.0,0.0,0.0,0.0,0.0,0.0005003274,0.005003274,0.0060039284,0.0010006548,0.0,0.0,0.0,0.0,0.0,0.0010006548,0.0035022916,0.0020013095,0.0010006548,0.0005003274,0.0,0.0,0.0,0.0,0.0,0.0,0.0005003274,0.0,0.0,0.0,0.0,0.0,0.0,0.0,0.0,0.0,0.0,0.0,0.0,0.0,0.0,0.0,0.0,0.0,0.0,0.0,0.0,0.0,0.0010006548,0.0005003274,0.0,0.0,0.0,0.0,0.0,0.0005003274,0.0135088395,0.0045029465,0.0,0.0,0.0,0.0,0.0020013095,0.0020013095,0.0055036014,0.0020013095,0.0,0.0,0.0015009821,0.0005003274,0.0005003274,0.0005003274,0.0030019642,0.0015009821,0.0,0.0,0.0,0.0,0.0005003274,0.0010006548,0.006504256,0.0070045833,0.002501637,0.0010006548,0.0,0.0,0.0005003274,0.0005003274,0.0015009821,0.012508185,0.0030019642,0.0005003274,0.0,0.0,0.0,0.0,0.0,0.0005003274,0.0005003274,0.0,0.0,0.0,0.0,0.0,0.0,0.0,0.0,0.0,0.0,0.0,0.0,0.0,0.0,0.0,0.0,0.0,0.0,0.0,0.0,0.0,0.0005003274,0.0020013095,0.0010006548,0.0,0.0,0.0,0.0,0.0005003274,0.0005003274,0.0030019642,0.0010006548,0.0,0.0010006548,0.0010006548,0.0015009821,0.0015009821,0.002501637,0.0055036014,0.0030019642,0.0,0.0140091665,0.0035022916,0.0010006548,0.0020013095,0.0020013095,0.0075049107,0.004002619,0.0015009821,0.002501637,0.0005003274,0.0005003274,0.0020013095,0.0010006548,0.010006548,0.012007857,0.0035022916,0.0,0.0,0.0,0.0,0.0,0.0030019642,0.002501637,0.0030019642,0.0,0.0,0.0,0.0,0.0,0.0,0.0,0.0,0.0,0.0,0.0,0.0,0.0,0.0,0.0,0.0,0.0,0.0,0.0,0.0,0.0,0.0,0.0,0.0,0.0,0.0,0.0,0.0,0.0,0.0,0.0,0.0,0.0,0.0,0.0,0.0005003274,0.0,0.0010006548,0.0,0.0,0.0030019642,0.004002619,0.0055036014,0.0,0.0,0.0035022916,0.0035022916,0.0,0.045029465,0.03252128,0.006504256,0.004002619,0.0005003274,0.0060039284,0.008005238,0.0015009821,0.005003274,0.0030019642,0.0010006548,0.0015009821,0.0010006548,0.0015009821,0.0060039284,0.02501637,0.0,0.0,0.0,0.0,0.0,0.0,0.0005003274,0.005003274,0.0,0.0,0.0,0.0,0.0,0.0,0.0,0.0,0.0,0.0,0.0,0.0,0.0,0.0,0.0,0.0,0.0,0.0,0.0,0.0,0.0,0.0,0.0,0.0,0.0,0.0,0.0,0.0,0.0,0.0,0.0,0.0,0.0,0.0,0.0,0.0,0.0,0.0,0.0005003274,0.0,0.0015009821,0.011007203,0.011007203,0.0005003274,0.0,0.0005003274,0.004002619,0.0,0.002501637,0.0045029465,0.005003274,0.0015009821,0.0015009821,0.0010006548,0.008005238,0.0135088395,0.0,0.0,0.0,0.0,0.0005003274,0.0,0.0,0.028018333,0.0,0.0,0.0,0.0,0.0,0.0,0.0,0.0,0.0,0.0,0.0,0.0,0.0,0.0,0.0,0.0,0.0,0.0,0.0,0.0,0.0,0.0,0.0,0.0,0.0,0.0,0.0,0.0,0.0,0.0,0.0,0.0,0.0,0.0,0.0,0.0,0.0,0.0,0.0,0.0,0.0,0.0,0.0,0.0,0.0,0.0,0.0,0.0,0.0,0.0,0.0005003274,0.0,0.0,0.0,0.0,0.0035022916,0.0,0.0,0.0,0.0,0.0,0.0,0.0010006548,0.9961518
C:\Users\fabio\Downloads\dataset_category\dataset_category\Apparel Set\7.jpg,0.0035803847,0.0046033515,0.0005114835,0.0,0.0,0.0,0.0,0.0,0.0,0.0066492856,0.0046033515,0.0,0.0,0.0,0.0,0.0,0.0,0.0,0.0,0.0005114835,0.0,0.0,0.0,0.0,0.0,0.0,0.0,0.0,0.0,0.0,0.0,0.0,0.0,0.0,0.0,0.0,0.0,0.0,0.0,0.0,0.0,0.0,0.0,0.0,0.0,0.0,0.0,0.0,0.0,0.0,0.0,0.0,0.0,0.0,0.0,0.0,0.0,0.0,0.0,0.0,0.0,0.0,0.0,0.0,0.0046033515,0.0015344506,0.0,0.0,0.0,0.0,0.0,0.0,0.0,0.009718187,0.0046033515,0.0,0.0,0.0,0.0,0.0,0.0,0.0,0.0015344506,0.005114835,0.0015344506,0.0,0.0,0.0,0.0,0.0,0.0,0.0,0.001022967,0.0005114835,0.0,0.0,0.0,0.0,0.0,0.0,0.0,0.0,0.0,0.0,0.0,0.0,0.0,0.0,0.0,0.0,0.0,0.0,0.0,0.0,0.0,0.0,0.0,0.0,0.0,0.0,0.0,0.0,0.0,0.0,0.0,0.0,0.0,0.0,0.0,0.0,0.0,0.0,0.0,0.0,0.0,0.0,0.0,0.024039725,0.0025574176,0.001022967,0.004091868,0.0,0.0,0.0,0.0,0.0035803847,0.034269396,0.0061378023,0.001022967,0.0,0.0,0.0,0.0,0.0,0.0005114835,0.0061378023,0.005626319,0.0015344506,0.0,0.0,0.0,0.0,0.0,0.002045934,0.005626319,0.0015344506,0.001022967,0.0,0.0,0.0,0.0,0.0,0.0,0.0,0.0,0.0,0.0,0.0,0.0,0.0,0.0,0.0,0.0,0.0,0.0,0.0,0.0,0.0,0.0,0.0,0.0,0.0,0.0,0.0,0.0,0.0,0.0,0.0,0.0,0.0,0.0,0.001022967,0.0,0.001022967,0.0,0.0,0.0,0.0,0.0,0.009718187,0.031711977,0.002045934,0.0046033515,0.005114835,0.001022967,0.0005114835,0.0,0.0005114835,0.008183736,0.01022967,0.02045934,0.0066492856,0.0015344506,0.0005114835,0.0,0.0,0.0,0.0,0.009718187,0.011252638,0.0035803847,0.0,0.0,0.0,0.0,0.0,0.0046033515,0.0030689011,0.0030689011,0.0030689011,0.0,0.0,0.0,0.0,0.0,0.0005114835,0.0005114835,0.0005114835,0.0,0.0,0.0,0.0,0.0,0.0,0.0,0.0,0.0,0.0,0.0,0.0,0.0,0.0,0.0,0.0,0.0,0.0,0.0,0.0,0.0,0.0,0.0,0.0,0.0,0.0025574176,0.005626319,0.0005114835,0.0005114835,0.0005114835,0.0005114835,0.002045934,0.0,0.0030689011,0.05063687,0.011252638,0.0005114835,0.0005114835,0.001022967,0.0066492856,0.0,0.0,0.0,0.0005114835,0.01022967,0.021993792,0.014833022,0.005114835,0.0,0.0,0.0,0.0,0.002045934,0.0035803847,0.010741154,0.013298571,0.0,0.0,0.0,0.0,0.0,0.002045934,0.0025574176,0.01739044,0.0,0.0,0.0,0.0,0.0,0.0,0.0,0.0005114835,0.0,0.0,0.0,0.0,0.0,0.0,0.0,0.0,0.0,0.0,0.0,0.0,0.0,0.0,0.0,0.0,0.0,0.0,0.0,0.0,0.0,0.0,0.0,0.0,0.0,0.0,0.023016758,0.002045934,0.0,0.0,0.0,0.0030689011,0.0,0.0,0.0,0.0015344506,0.0030689011,0.0,0.001022967,0.0,0.0,0.0,0.0,0.0,0.0,0.012787088,0.0025574176,0.0015344506,0.0,0.0,0.0,0.0,0.0,0.0005114835,0.004091868,0.027108626,0.0,0.0,0.0,0.0,0.0,0.0,0.0,0.0025574176,0.0,0.0,0.0,0.0,0.0,0.0,0.0,0.0,0.0,0.0,0.0,0.0,0.0,0.0,0.0,0.0,0.0,0.0,0.0,0.0,0.0,0.0,0.0,0.0,0.0,0.0,0.0,0.0,0.0,0.0,0.0,0.0,0.0,0.0,0.0,0.0,0.0,0.0,0.0,0.0,0.0,0.0,0.0,0.0,0.0,0.001022967,0.0005114835,0.0,0.0,0.0,0.0,0.0,0.0,0.0005114835,0.01022967,0.008183736,0.0,0.0,0.0,0.0,0.0,0.0,0.001022967,0.009718187,0.0,0.0,0.0,0.0,0.0,0.0,0.0,0.0,0.0,0.0,0.0,0.0,0.0,0.0,0.0,0.0,0.0,0.0,0.0,0.0,0.0,0.0,0.0,0.0,0.0,0.0,0.0,0.0,0.0,0.0,0.0,0.0,0.0,0.0,0.0,0.0,0.0,0.0,0.0,0.0,0.0,0.0,0.0,0.0,0.0,0.0,0.0,0.0,0.0,0.0,0.0,0.0,0.0,0.0,0.0030689011,0.0015344506,0.0,0.0,0.0,0.0,0.0,0.0,0.001022967,0.99483544
C:\Users\fabio\Downloads\dataset_category\dataset_category\Apparel Set\8.jpg,0.0,0.0010563778,0.0,0.0,0.0,0.0,0.0,0.0,0.0,0.0031691333,0.0026409444,0.0,0.0,0.0,0.0,0.0,0.0,0.0,0.0,0.0,0.0,0.0,0.0,0.0,0.0,0.0,0.0,0.0,0.0,0.0,0.0,0.0,0.0,0.0,0.0,0.0,0.0,0.0,0.0,0.0,0.0,0.0,0.0,0.0,0.0,0.0,0.0,0.0,0.0,0.0,0.0,0.0,0.0,0.0,0.0,0.0,0.0,0.0,0.0,0.0,0.0,0.0,0.0,0.0,0.0,0.0,0.0,0.0005281889,0.0026409444,0.0005281889,0.0,0.0,0.0005281889,0.0015845667,0.005810078,0.0005281889,0.0,0.0,0.0,0.0,0.0,0.0,0.0031691333,0.0031691333,0.0,0.0005281889,0.0,0.0,0.0,0.0,0.0,0.0,0.0,0.0,0.0,0.0,0.0,0.0,0.0,0.0,0.0,0.0,0.0,0.0,0.0,0.0,0.0,0.0,0.0,0.0,0.0,0.0,0.0,0.0,0.0,0.0,0.0,0.0,0.0,0.0,0.0,0.0,0.0,0.0,0.0,0.0,0.0,0.0,0.0,0.0,0.0,0.0,0.0,0.0031691333,0.0,0.0,0.0,0.0010563778,0.0021127556,0.0047537,0.0036973222,0.014789289,0.0047537,0.0,0.0015845667,0.0021127556,0.0073946444,0.0026409444,0.0021127556,0.0021127556,0.0005281889,0.0,0.0,0.0,0.0005281889,0.0005281889,0.0031691333,0.0026409444,0.0,0.0,0.0,0.0,0.0,0.0,0.0,0.0005281889,0.0,0.0,0.0,0.0,0.0,0.0,0.0,0.0,0.0,0.0,0.0,0.0,0.0,0.0,0.0,0.0,0.0,0.0,0.0,0.0,0.0,0.0,0.0,0.0,0.0,0.0,0.0,0.0,0.0,0.0,0.0,0.0,0.0,0.0,0.0,0.0,0.0,0.0005281889,0.0010563778,0.0010563778,0.0036973222,0.0005281889,0.0005281889,0.0015845667,0.007922834,0.017430233,0.012676533,0.008451022,0.0190148,0.004225511,0.0005281889,0.0005281889,0.0031691333,0.0063382667,0.008979211,0.0036973222,0.0010563778,0.0005281889,0.0,0.0,0.0,0.0,0.0010563778,0.005281889,0.0031691333,0.0031691333,0.0,0.0,0.0,0.0,0.0,0.0005281889,0.0015845667,0.0005281889,0.0,0.0,0.0,0.0,0.0,0.0,0.0,0.0,0.0,0.0,0.0,0.0,0.0,0.0,0.0,0.0,0.0,0.0,0.0,0.0,0.0,0.0,0.0,0.0,0.0,0.0,0.0,0.0,0.0,0.0,0.0,0.0,0.0,0.0,0.0,0.0026409444,0.0073946444,0.0021127556,0.005810078,0.0031691333,0.0005281889,0.0010563778,0.0021127556,0.039614167,0.06602361,0.049121566,0.025353067,0.012148345,0.0,0.0,0.0026409444,0.005281889,0.007922834,0.0026409444,0.0063382667,0.004225511,0.0,0.0,0.0,0.0,0.0,0.0005281889,0.0095074,0.010035589,0.0,0.0,0.0,0.0,0.0,0.0,0.0,0.011620156,0.0,0.0,0.0,0.0,0.0,0.0,0.0,0.0,0.0,0.0,0.0,0.0,0.0,0.0,0.0,0.0,0.0,0.0,0.0,0.0,0.0,0.0,0.0,0.0,0.0,0.0,0.0,0.0,0.0,0.0,0.0,0.0,0.0,0.0,0.0,0.0015845667,0.0073946444,0.0095074,0.0026409444,0.005810078,0.0,0.0,0.0005281889,0.0021127556,0.017430233,0.012148345,0.0068664555,0.012148345,0.0,0.0,0.0010563778,0.0026409444,0.0015845667,0.004225511,0.0036973222,0.005281889,0.0,0.0,0.0,0.0,0.0,0.0,0.0,0.036445033,0.0,0.0,0.0,0.0,0.0,0.0,0.0,0.0021127556,0.0,0.0,0.0,0.0,0.0,0.0,0.0,0.0,0.0,0.0,0.0,0.0,0.0,0.0,0.0,0.0,0.0,0.0,0.0,0.0,0.0,0.0,0.0,0.0,0.0,0.0,0.0,0.0,0.0,0.0,0.0,0.0,0.0,0.0,0.0,0.0,0.0,0.0,0.0005281889,0.0,0.0,0.0,0.0,0.0,0.0005281889,0.0015845667,0.0026409444,0.0031691333,0.0,0.0,0.0,0.0,0.0005281889,0.0015845667,0.005281889,0.012676533,0.0,0.0,0.0,0.0,0.0,0.0,0.0010563778,0.008451022,0.0,0.0,0.0,0.0,0.0,0.0,0.0,0.0,0.0,0.0,0.0,0.0,0.0,0.0,0.0,0.0,0.0,0.0,0.0,0.0,0.0,0.0,0.0,0.0,0.0,0.0,0.0,0.0,0.0,0.0,0.0,0.0,0.0,0.0,0.0,0.0,0.0,0.0,0.0,0.0,0.0,0.0,0.0,0.0,0.0,0.0,0.0,0.0,0.0,0.0,0.0,0.0,0.0,0.0,0.0015845667,0.005281889,0.0,0.0,0.0,0.0,0.0,0.0,0.0,0.9929951
